[0.059s] DEBUG:colcon:Command line arguments: ['/usr/bin/colcon', 'build', '--packages-select', 'my_robot_cell_control', '--cmake-args', '-DCMAKE_BUILD_TYPE=Release']
[0.059s] DEBUG:colcon:Parsed command line arguments: Namespace(log_base=None, log_level=None, verb_name='build', build_base='build', install_base='install', merge_install=False, symlink_install=False, test_result_base=None, continue_on_error=False, executor='parallel', parallel_workers=20, event_handlers=None, ignore_user_meta=False, metas=['./colcon.meta'], base_paths=['.'], packages_ignore=None, packages_ignore_regex=None, paths=None, packages_up_to=None, packages_up_to_regex=None, packages_above=None, packages_above_and_dependencies=None, packages_above_depth=None, packages_select_by_dep=None, packages_skip_by_dep=None, packages_skip_up_to=None, packages_select_build_failed=False, packages_skip_build_finished=False, packages_select_test_failures=False, packages_skip_test_passed=False, packages_select=['my_robot_cell_control'], packages_skip=None, packages_select_regex=None, packages_skip_regex=None, packages_start=None, packages_end=None, allow_overriding=[], cmake_args=['-DCMAKE_BUILD_TYPE=Release'], cmake_target=None, cmake_target_skip_unavailable=False, cmake_clean_cache=False, cmake_clean_first=False, cmake_force_configure=False, ament_cmake_args=None, catkin_cmake_args=None, catkin_skip_building_tests=False, verb_parser=<colcon_defaults.argument_parser.defaults.DefaultArgumentsDecorator object at 0x712d5a55ac80>, verb_extension=<colcon_core.verb.build.BuildVerb object at 0x712d5a55a770>, main=<bound method BuildVerb.main of <colcon_core.verb.build.BuildVerb object at 0x712d5a55a770>>)
[0.159s] Level 1:colcon.colcon_core.package_discovery:discover_packages(colcon_meta) check parameters
[0.160s] Level 1:colcon.colcon_core.package_discovery:discover_packages(recursive) check parameters
[0.160s] Level 1:colcon.colcon_core.package_discovery:discover_packages(ignore) check parameters
[0.160s] Level 1:colcon.colcon_core.package_discovery:discover_packages(path) check parameters
[0.160s] Level 1:colcon.colcon_core.package_discovery:discover_packages(colcon_meta) discover
[0.160s] Level 1:colcon.colcon_core.package_discovery:discover_packages(recursive) discover
[0.160s] INFO:colcon.colcon_core.package_discovery:Crawling recursively for packages in '/home/cem/colcon_ws/src'
[0.160s] Level 1:colcon.colcon_core.package_identification:_identify(.) by extensions ['ignore', 'ignore_ament_install']
[0.160s] Level 1:colcon.colcon_core.package_identification:_identify(.) by extension 'ignore'
[0.160s] Level 1:colcon.colcon_core.package_identification:_identify(.) by extension 'ignore_ament_install'
[0.160s] Level 1:colcon.colcon_core.package_identification:_identify(.) by extensions ['colcon_pkg']
[0.160s] Level 1:colcon.colcon_core.package_identification:_identify(.) by extension 'colcon_pkg'
[0.160s] Level 1:colcon.colcon_core.package_identification:_identify(.) by extensions ['colcon_meta']
[0.160s] Level 1:colcon.colcon_core.package_identification:_identify(.) by extension 'colcon_meta'
[0.160s] Level 1:colcon.colcon_core.package_identification:_identify(.) by extensions ['ros']
[0.160s] Level 1:colcon.colcon_core.package_identification:_identify(.) by extension 'ros'
[0.173s] Level 1:colcon.colcon_core.package_identification:_identify(.) by extensions ['cmake', 'python']
[0.173s] Level 1:colcon.colcon_core.package_identification:_identify(.) by extension 'cmake'
[0.173s] Level 1:colcon.colcon_core.package_identification:_identify(.) by extension 'python'
[0.173s] Level 1:colcon.colcon_core.package_identification:_identify(.) by extensions ['python_setup_py']
[0.173s] Level 1:colcon.colcon_core.package_identification:_identify(.) by extension 'python_setup_py'
[0.173s] Level 1:colcon.colcon_core.package_identification:_identify(IFRA_ConveyorBelt) by extensions ['ignore', 'ignore_ament_install']
[0.173s] Level 1:colcon.colcon_core.package_identification:_identify(IFRA_ConveyorBelt) by extension 'ignore'
[0.173s] Level 1:colcon.colcon_core.package_identification:_identify(IFRA_ConveyorBelt) by extension 'ignore_ament_install'
[0.173s] Level 1:colcon.colcon_core.package_identification:_identify(IFRA_ConveyorBelt) by extensions ['colcon_pkg']
[0.173s] Level 1:colcon.colcon_core.package_identification:_identify(IFRA_ConveyorBelt) by extension 'colcon_pkg'
[0.173s] Level 1:colcon.colcon_core.package_identification:_identify(IFRA_ConveyorBelt) by extensions ['colcon_meta']
[0.173s] Level 1:colcon.colcon_core.package_identification:_identify(IFRA_ConveyorBelt) by extension 'colcon_meta'
[0.173s] Level 1:colcon.colcon_core.package_identification:_identify(IFRA_ConveyorBelt) by extensions ['ros']
[0.173s] Level 1:colcon.colcon_core.package_identification:_identify(IFRA_ConveyorBelt) by extension 'ros'
[0.173s] Level 1:colcon.colcon_core.package_identification:_identify(IFRA_ConveyorBelt) by extensions ['cmake', 'python']
[0.173s] Level 1:colcon.colcon_core.package_identification:_identify(IFRA_ConveyorBelt) by extension 'cmake'
[0.173s] Level 1:colcon.colcon_core.package_identification:_identify(IFRA_ConveyorBelt) by extension 'python'
[0.173s] Level 1:colcon.colcon_core.package_identification:_identify(IFRA_ConveyorBelt) by extensions ['python_setup_py']
[0.173s] Level 1:colcon.colcon_core.package_identification:_identify(IFRA_ConveyorBelt) by extension 'python_setup_py'
[0.173s] Level 1:colcon.colcon_core.package_identification:_identify(IFRA_ConveyorBelt/conveyorbelt_gz) by extensions ['ignore', 'ignore_ament_install']
[0.173s] Level 1:colcon.colcon_core.package_identification:_identify(IFRA_ConveyorBelt/conveyorbelt_gz) by extension 'ignore'
[0.173s] Level 1:colcon.colcon_core.package_identification:_identify(IFRA_ConveyorBelt/conveyorbelt_gz) by extension 'ignore_ament_install'
[0.173s] Level 1:colcon.colcon_core.package_identification:_identify(IFRA_ConveyorBelt/conveyorbelt_gz) by extensions ['colcon_pkg']
[0.173s] Level 1:colcon.colcon_core.package_identification:_identify(IFRA_ConveyorBelt/conveyorbelt_gz) by extension 'colcon_pkg'
[0.173s] Level 1:colcon.colcon_core.package_identification:_identify(IFRA_ConveyorBelt/conveyorbelt_gz) by extensions ['colcon_meta']
[0.173s] Level 1:colcon.colcon_core.package_identification:_identify(IFRA_ConveyorBelt/conveyorbelt_gz) by extension 'colcon_meta'
[0.173s] Level 1:colcon.colcon_core.package_identification:_identify(IFRA_ConveyorBelt/conveyorbelt_gz) by extensions ['ros']
[0.173s] Level 1:colcon.colcon_core.package_identification:_identify(IFRA_ConveyorBelt/conveyorbelt_gz) by extension 'ros'
[0.175s] DEBUG:colcon.colcon_core.package_identification:Package 'IFRA_ConveyorBelt/conveyorbelt_gz' with type 'ros.ament_cmake' and name 'conveyorbelt_gz'
[0.175s] Level 1:colcon.colcon_core.package_identification:_identify(IFRA_ConveyorBelt/conveyorbelt_msgs) by extensions ['ignore', 'ignore_ament_install']
[0.175s] Level 1:colcon.colcon_core.package_identification:_identify(IFRA_ConveyorBelt/conveyorbelt_msgs) by extension 'ignore'
[0.175s] Level 1:colcon.colcon_core.package_identification:_identify(IFRA_ConveyorBelt/conveyorbelt_msgs) by extension 'ignore_ament_install'
[0.175s] Level 1:colcon.colcon_core.package_identification:_identify(IFRA_ConveyorBelt/conveyorbelt_msgs) by extensions ['colcon_pkg']
[0.175s] Level 1:colcon.colcon_core.package_identification:_identify(IFRA_ConveyorBelt/conveyorbelt_msgs) by extension 'colcon_pkg'
[0.175s] Level 1:colcon.colcon_core.package_identification:_identify(IFRA_ConveyorBelt/conveyorbelt_msgs) by extensions ['colcon_meta']
[0.175s] Level 1:colcon.colcon_core.package_identification:_identify(IFRA_ConveyorBelt/conveyorbelt_msgs) by extension 'colcon_meta'
[0.175s] Level 1:colcon.colcon_core.package_identification:_identify(IFRA_ConveyorBelt/conveyorbelt_msgs) by extensions ['ros']
[0.175s] Level 1:colcon.colcon_core.package_identification:_identify(IFRA_ConveyorBelt/conveyorbelt_msgs) by extension 'ros'
[0.175s] DEBUG:colcon.colcon_core.package_identification:Package 'IFRA_ConveyorBelt/conveyorbelt_msgs' with type 'ros.ament_cmake' and name 'conveyorbelt_msgs'
[0.175s] Level 1:colcon.colcon_core.package_identification:_identify(IFRA_ConveyorBelt/ros2_conveyorbelt) by extensions ['ignore', 'ignore_ament_install']
[0.175s] Level 1:colcon.colcon_core.package_identification:_identify(IFRA_ConveyorBelt/ros2_conveyorbelt) by extension 'ignore'
[0.175s] Level 1:colcon.colcon_core.package_identification:_identify(IFRA_ConveyorBelt/ros2_conveyorbelt) by extension 'ignore_ament_install'
[0.175s] Level 1:colcon.colcon_core.package_identification:_identify(IFRA_ConveyorBelt/ros2_conveyorbelt) by extensions ['colcon_pkg']
[0.175s] Level 1:colcon.colcon_core.package_identification:_identify(IFRA_ConveyorBelt/ros2_conveyorbelt) by extension 'colcon_pkg'
[0.175s] Level 1:colcon.colcon_core.package_identification:_identify(IFRA_ConveyorBelt/ros2_conveyorbelt) by extensions ['colcon_meta']
[0.175s] Level 1:colcon.colcon_core.package_identification:_identify(IFRA_ConveyorBelt/ros2_conveyorbelt) by extension 'colcon_meta'
[0.175s] Level 1:colcon.colcon_core.package_identification:_identify(IFRA_ConveyorBelt/ros2_conveyorbelt) by extensions ['ros']
[0.175s] Level 1:colcon.colcon_core.package_identification:_identify(IFRA_ConveyorBelt/ros2_conveyorbelt) by extension 'ros'
[0.176s] DEBUG:colcon.colcon_core.package_identification:Package 'IFRA_ConveyorBelt/ros2_conveyorbelt' with type 'ros.ament_cmake' and name 'ros2_conveyorbelt'
[0.176s] Level 1:colcon.colcon_core.package_identification:_identify(Universal_Robots_ROS2_Description) by extensions ['ignore', 'ignore_ament_install']
[0.176s] Level 1:colcon.colcon_core.package_identification:_identify(Universal_Robots_ROS2_Description) by extension 'ignore'
[0.176s] Level 1:colcon.colcon_core.package_identification:_identify(Universal_Robots_ROS2_Description) by extension 'ignore_ament_install'
[0.176s] Level 1:colcon.colcon_core.package_identification:_identify(Universal_Robots_ROS2_Description) by extensions ['colcon_pkg']
[0.176s] Level 1:colcon.colcon_core.package_identification:_identify(Universal_Robots_ROS2_Description) by extension 'colcon_pkg'
[0.176s] Level 1:colcon.colcon_core.package_identification:_identify(Universal_Robots_ROS2_Description) by extensions ['colcon_meta']
[0.176s] Level 1:colcon.colcon_core.package_identification:_identify(Universal_Robots_ROS2_Description) by extension 'colcon_meta'
[0.176s] Level 1:colcon.colcon_core.package_identification:_identify(Universal_Robots_ROS2_Description) by extensions ['ros']
[0.176s] Level 1:colcon.colcon_core.package_identification:_identify(Universal_Robots_ROS2_Description) by extension 'ros'
[0.177s] DEBUG:colcon.colcon_core.package_identification:Package 'Universal_Robots_ROS2_Description' with type 'ros.ament_cmake' and name 'ur_description'
[0.177s] Level 1:colcon.colcon_core.package_identification:_identify(Universal_Robots_ROS2_Driver) by extensions ['ignore', 'ignore_ament_install']
[0.177s] Level 1:colcon.colcon_core.package_identification:_identify(Universal_Robots_ROS2_Driver) by extension 'ignore'
[0.177s] Level 1:colcon.colcon_core.package_identification:_identify(Universal_Robots_ROS2_Driver) by extension 'ignore_ament_install'
[0.177s] Level 1:colcon.colcon_core.package_identification:_identify(Universal_Robots_ROS2_Driver) by extensions ['colcon_pkg']
[0.177s] Level 1:colcon.colcon_core.package_identification:_identify(Universal_Robots_ROS2_Driver) by extension 'colcon_pkg'
[0.177s] Level 1:colcon.colcon_core.package_identification:_identify(Universal_Robots_ROS2_Driver) by extensions ['colcon_meta']
[0.177s] Level 1:colcon.colcon_core.package_identification:_identify(Universal_Robots_ROS2_Driver) by extension 'colcon_meta'
[0.177s] Level 1:colcon.colcon_core.package_identification:_identify(Universal_Robots_ROS2_Driver) by extensions ['ros']
[0.177s] Level 1:colcon.colcon_core.package_identification:_identify(Universal_Robots_ROS2_Driver) by extension 'ros'
[0.177s] Level 1:colcon.colcon_core.package_identification:_identify(Universal_Robots_ROS2_Driver) by extensions ['cmake', 'python']
[0.177s] Level 1:colcon.colcon_core.package_identification:_identify(Universal_Robots_ROS2_Driver) by extension 'cmake'
[0.177s] Level 1:colcon.colcon_core.package_identification:_identify(Universal_Robots_ROS2_Driver) by extension 'python'
[0.177s] Level 1:colcon.colcon_core.package_identification:_identify(Universal_Robots_ROS2_Driver) by extensions ['python_setup_py']
[0.177s] Level 1:colcon.colcon_core.package_identification:_identify(Universal_Robots_ROS2_Driver) by extension 'python_setup_py'
[0.177s] Level 1:colcon.colcon_core.package_identification:_identify(Universal_Robots_ROS2_Driver/ur) by extensions ['ignore', 'ignore_ament_install']
[0.177s] Level 1:colcon.colcon_core.package_identification:_identify(Universal_Robots_ROS2_Driver/ur) by extension 'ignore'
[0.177s] Level 1:colcon.colcon_core.package_identification:_identify(Universal_Robots_ROS2_Driver/ur) by extension 'ignore_ament_install'
[0.177s] Level 1:colcon.colcon_core.package_identification:_identify(Universal_Robots_ROS2_Driver/ur) by extensions ['colcon_pkg']
[0.177s] Level 1:colcon.colcon_core.package_identification:_identify(Universal_Robots_ROS2_Driver/ur) by extension 'colcon_pkg'
[0.177s] Level 1:colcon.colcon_core.package_identification:_identify(Universal_Robots_ROS2_Driver/ur) by extensions ['colcon_meta']
[0.177s] Level 1:colcon.colcon_core.package_identification:_identify(Universal_Robots_ROS2_Driver/ur) by extension 'colcon_meta'
[0.177s] Level 1:colcon.colcon_core.package_identification:_identify(Universal_Robots_ROS2_Driver/ur) by extensions ['ros']
[0.177s] Level 1:colcon.colcon_core.package_identification:_identify(Universal_Robots_ROS2_Driver/ur) by extension 'ros'
[0.178s] DEBUG:colcon.colcon_core.package_identification:Package 'Universal_Robots_ROS2_Driver/ur' with type 'ros.ament_cmake' and name 'ur'
[0.178s] Level 1:colcon.colcon_core.package_identification:_identify(Universal_Robots_ROS2_Driver/ur_bringup) by extensions ['ignore', 'ignore_ament_install']
[0.178s] Level 1:colcon.colcon_core.package_identification:_identify(Universal_Robots_ROS2_Driver/ur_bringup) by extension 'ignore'
[0.178s] Level 1:colcon.colcon_core.package_identification:_identify(Universal_Robots_ROS2_Driver/ur_bringup) by extension 'ignore_ament_install'
[0.178s] Level 1:colcon.colcon_core.package_identification:_identify(Universal_Robots_ROS2_Driver/ur_bringup) by extensions ['colcon_pkg']
[0.178s] Level 1:colcon.colcon_core.package_identification:_identify(Universal_Robots_ROS2_Driver/ur_bringup) by extension 'colcon_pkg'
[0.178s] Level 1:colcon.colcon_core.package_identification:_identify(Universal_Robots_ROS2_Driver/ur_bringup) by extensions ['colcon_meta']
[0.178s] Level 1:colcon.colcon_core.package_identification:_identify(Universal_Robots_ROS2_Driver/ur_bringup) by extension 'colcon_meta'
[0.178s] Level 1:colcon.colcon_core.package_identification:_identify(Universal_Robots_ROS2_Driver/ur_bringup) by extensions ['ros']
[0.178s] Level 1:colcon.colcon_core.package_identification:_identify(Universal_Robots_ROS2_Driver/ur_bringup) by extension 'ros'
[0.178s] DEBUG:colcon.colcon_core.package_identification:Package 'Universal_Robots_ROS2_Driver/ur_bringup' with type 'ros.ament_cmake' and name 'ur_bringup'
[0.178s] Level 1:colcon.colcon_core.package_identification:_identify(Universal_Robots_ROS2_Driver/ur_calibration) by extensions ['ignore', 'ignore_ament_install']
[0.178s] Level 1:colcon.colcon_core.package_identification:_identify(Universal_Robots_ROS2_Driver/ur_calibration) by extension 'ignore'
[0.179s] Level 1:colcon.colcon_core.package_identification:_identify(Universal_Robots_ROS2_Driver/ur_calibration) by extension 'ignore_ament_install'
[0.179s] Level 1:colcon.colcon_core.package_identification:_identify(Universal_Robots_ROS2_Driver/ur_calibration) by extensions ['colcon_pkg']
[0.179s] Level 1:colcon.colcon_core.package_identification:_identify(Universal_Robots_ROS2_Driver/ur_calibration) by extension 'colcon_pkg'
[0.179s] Level 1:colcon.colcon_core.package_identification:_identify(Universal_Robots_ROS2_Driver/ur_calibration) by extensions ['colcon_meta']
[0.179s] Level 1:colcon.colcon_core.package_identification:_identify(Universal_Robots_ROS2_Driver/ur_calibration) by extension 'colcon_meta'
[0.179s] Level 1:colcon.colcon_core.package_identification:_identify(Universal_Robots_ROS2_Driver/ur_calibration) by extensions ['ros']
[0.179s] Level 1:colcon.colcon_core.package_identification:_identify(Universal_Robots_ROS2_Driver/ur_calibration) by extension 'ros'
[0.179s] DEBUG:colcon.colcon_core.package_identification:Package 'Universal_Robots_ROS2_Driver/ur_calibration' with type 'ros.ament_cmake' and name 'ur_calibration'
[0.179s] Level 1:colcon.colcon_core.package_identification:_identify(Universal_Robots_ROS2_Driver/ur_controllers) by extensions ['ignore', 'ignore_ament_install']
[0.179s] Level 1:colcon.colcon_core.package_identification:_identify(Universal_Robots_ROS2_Driver/ur_controllers) by extension 'ignore'
[0.179s] Level 1:colcon.colcon_core.package_identification:_identify(Universal_Robots_ROS2_Driver/ur_controllers) by extension 'ignore_ament_install'
[0.179s] Level 1:colcon.colcon_core.package_identification:_identify(Universal_Robots_ROS2_Driver/ur_controllers) by extensions ['colcon_pkg']
[0.179s] Level 1:colcon.colcon_core.package_identification:_identify(Universal_Robots_ROS2_Driver/ur_controllers) by extension 'colcon_pkg'
[0.179s] Level 1:colcon.colcon_core.package_identification:_identify(Universal_Robots_ROS2_Driver/ur_controllers) by extensions ['colcon_meta']
[0.179s] Level 1:colcon.colcon_core.package_identification:_identify(Universal_Robots_ROS2_Driver/ur_controllers) by extension 'colcon_meta'
[0.179s] Level 1:colcon.colcon_core.package_identification:_identify(Universal_Robots_ROS2_Driver/ur_controllers) by extensions ['ros']
[0.179s] Level 1:colcon.colcon_core.package_identification:_identify(Universal_Robots_ROS2_Driver/ur_controllers) by extension 'ros'
[0.181s] DEBUG:colcon.colcon_core.package_identification:Package 'Universal_Robots_ROS2_Driver/ur_controllers' with type 'ros.ament_cmake' and name 'ur_controllers'
[0.181s] Level 1:colcon.colcon_core.package_identification:_identify(Universal_Robots_ROS2_Driver/ur_dashboard_msgs) by extensions ['ignore', 'ignore_ament_install']
[0.181s] Level 1:colcon.colcon_core.package_identification:_identify(Universal_Robots_ROS2_Driver/ur_dashboard_msgs) by extension 'ignore'
[0.181s] Level 1:colcon.colcon_core.package_identification:_identify(Universal_Robots_ROS2_Driver/ur_dashboard_msgs) by extension 'ignore_ament_install'
[0.181s] Level 1:colcon.colcon_core.package_identification:_identify(Universal_Robots_ROS2_Driver/ur_dashboard_msgs) by extensions ['colcon_pkg']
[0.181s] Level 1:colcon.colcon_core.package_identification:_identify(Universal_Robots_ROS2_Driver/ur_dashboard_msgs) by extension 'colcon_pkg'
[0.181s] Level 1:colcon.colcon_core.package_identification:_identify(Universal_Robots_ROS2_Driver/ur_dashboard_msgs) by extensions ['colcon_meta']
[0.181s] Level 1:colcon.colcon_core.package_identification:_identify(Universal_Robots_ROS2_Driver/ur_dashboard_msgs) by extension 'colcon_meta'
[0.181s] Level 1:colcon.colcon_core.package_identification:_identify(Universal_Robots_ROS2_Driver/ur_dashboard_msgs) by extensions ['ros']
[0.181s] Level 1:colcon.colcon_core.package_identification:_identify(Universal_Robots_ROS2_Driver/ur_dashboard_msgs) by extension 'ros'
[0.182s] DEBUG:colcon.colcon_core.package_identification:Package 'Universal_Robots_ROS2_Driver/ur_dashboard_msgs' with type 'ros.ament_cmake' and name 'ur_dashboard_msgs'
[0.182s] Level 1:colcon.colcon_core.package_identification:_identify(Universal_Robots_ROS2_Driver/ur_moveit_config) by extensions ['ignore', 'ignore_ament_install']
[0.182s] Level 1:colcon.colcon_core.package_identification:_identify(Universal_Robots_ROS2_Driver/ur_moveit_config) by extension 'ignore'
[0.182s] Level 1:colcon.colcon_core.package_identification:_identify(Universal_Robots_ROS2_Driver/ur_moveit_config) by extension 'ignore_ament_install'
[0.182s] Level 1:colcon.colcon_core.package_identification:_identify(Universal_Robots_ROS2_Driver/ur_moveit_config) by extensions ['colcon_pkg']
[0.182s] Level 1:colcon.colcon_core.package_identification:_identify(Universal_Robots_ROS2_Driver/ur_moveit_config) by extension 'colcon_pkg'
[0.182s] Level 1:colcon.colcon_core.package_identification:_identify(Universal_Robots_ROS2_Driver/ur_moveit_config) by extensions ['colcon_meta']
[0.182s] Level 1:colcon.colcon_core.package_identification:_identify(Universal_Robots_ROS2_Driver/ur_moveit_config) by extension 'colcon_meta'
[0.182s] Level 1:colcon.colcon_core.package_identification:_identify(Universal_Robots_ROS2_Driver/ur_moveit_config) by extensions ['ros']
[0.182s] Level 1:colcon.colcon_core.package_identification:_identify(Universal_Robots_ROS2_Driver/ur_moveit_config) by extension 'ros'
[0.182s] DEBUG:colcon.colcon_core.package_identification:Package 'Universal_Robots_ROS2_Driver/ur_moveit_config' with type 'ros.ament_cmake' and name 'ur_moveit_config'
[0.182s] Level 1:colcon.colcon_core.package_identification:_identify(Universal_Robots_ROS2_Driver/ur_robot_driver) by extensions ['ignore', 'ignore_ament_install']
[0.182s] Level 1:colcon.colcon_core.package_identification:_identify(Universal_Robots_ROS2_Driver/ur_robot_driver) by extension 'ignore'
[0.182s] Level 1:colcon.colcon_core.package_identification:_identify(Universal_Robots_ROS2_Driver/ur_robot_driver) by extension 'ignore_ament_install'
[0.182s] Level 1:colcon.colcon_core.package_identification:_identify(Universal_Robots_ROS2_Driver/ur_robot_driver) by extensions ['colcon_pkg']
[0.182s] Level 1:colcon.colcon_core.package_identification:_identify(Universal_Robots_ROS2_Driver/ur_robot_driver) by extension 'colcon_pkg'
[0.182s] Level 1:colcon.colcon_core.package_identification:_identify(Universal_Robots_ROS2_Driver/ur_robot_driver) by extensions ['colcon_meta']
[0.182s] Level 1:colcon.colcon_core.package_identification:_identify(Universal_Robots_ROS2_Driver/ur_robot_driver) by extension 'colcon_meta'
[0.182s] Level 1:colcon.colcon_core.package_identification:_identify(Universal_Robots_ROS2_Driver/ur_robot_driver) by extensions ['ros']
[0.182s] Level 1:colcon.colcon_core.package_identification:_identify(Universal_Robots_ROS2_Driver/ur_robot_driver) by extension 'ros'
[0.184s] DEBUG:colcon.colcon_core.package_identification:Package 'Universal_Robots_ROS2_Driver/ur_robot_driver' with type 'ros.ament_cmake' and name 'ur_robot_driver'
[0.184s] Level 1:colcon.colcon_core.package_identification:_identify(Universal_Robots_ROS2_GZ_Simulation) by extensions ['ignore', 'ignore_ament_install']
[0.184s] Level 1:colcon.colcon_core.package_identification:_identify(Universal_Robots_ROS2_GZ_Simulation) by extension 'ignore'
[0.184s] Level 1:colcon.colcon_core.package_identification:_identify(Universal_Robots_ROS2_GZ_Simulation) by extension 'ignore_ament_install'
[0.184s] Level 1:colcon.colcon_core.package_identification:_identify(Universal_Robots_ROS2_GZ_Simulation) by extensions ['colcon_pkg']
[0.184s] Level 1:colcon.colcon_core.package_identification:_identify(Universal_Robots_ROS2_GZ_Simulation) by extension 'colcon_pkg'
[0.184s] Level 1:colcon.colcon_core.package_identification:_identify(Universal_Robots_ROS2_GZ_Simulation) by extensions ['colcon_meta']
[0.184s] Level 1:colcon.colcon_core.package_identification:_identify(Universal_Robots_ROS2_GZ_Simulation) by extension 'colcon_meta'
[0.184s] Level 1:colcon.colcon_core.package_identification:_identify(Universal_Robots_ROS2_GZ_Simulation) by extensions ['ros']
[0.184s] Level 1:colcon.colcon_core.package_identification:_identify(Universal_Robots_ROS2_GZ_Simulation) by extension 'ros'
[0.184s] Level 1:colcon.colcon_core.package_identification:_identify(Universal_Robots_ROS2_GZ_Simulation) by extensions ['cmake', 'python']
[0.184s] Level 1:colcon.colcon_core.package_identification:_identify(Universal_Robots_ROS2_GZ_Simulation) by extension 'cmake'
[0.184s] Level 1:colcon.colcon_core.package_identification:_identify(Universal_Robots_ROS2_GZ_Simulation) by extension 'python'
[0.184s] Level 1:colcon.colcon_core.package_identification:_identify(Universal_Robots_ROS2_GZ_Simulation) by extensions ['python_setup_py']
[0.184s] Level 1:colcon.colcon_core.package_identification:_identify(Universal_Robots_ROS2_GZ_Simulation) by extension 'python_setup_py'
[0.184s] Level 1:colcon.colcon_core.package_identification:_identify(Universal_Robots_ROS2_GZ_Simulation/ur_simulation_gz) by extensions ['ignore', 'ignore_ament_install']
[0.184s] Level 1:colcon.colcon_core.package_identification:_identify(Universal_Robots_ROS2_GZ_Simulation/ur_simulation_gz) by extension 'ignore'
[0.184s] Level 1:colcon.colcon_core.package_identification:_identify(Universal_Robots_ROS2_GZ_Simulation/ur_simulation_gz) by extension 'ignore_ament_install'
[0.184s] Level 1:colcon.colcon_core.package_identification:_identify(Universal_Robots_ROS2_GZ_Simulation/ur_simulation_gz) by extensions ['colcon_pkg']
[0.184s] Level 1:colcon.colcon_core.package_identification:_identify(Universal_Robots_ROS2_GZ_Simulation/ur_simulation_gz) by extension 'colcon_pkg'
[0.184s] Level 1:colcon.colcon_core.package_identification:_identify(Universal_Robots_ROS2_GZ_Simulation/ur_simulation_gz) by extensions ['colcon_meta']
[0.184s] Level 1:colcon.colcon_core.package_identification:_identify(Universal_Robots_ROS2_GZ_Simulation/ur_simulation_gz) by extension 'colcon_meta'
[0.184s] Level 1:colcon.colcon_core.package_identification:_identify(Universal_Robots_ROS2_GZ_Simulation/ur_simulation_gz) by extensions ['ros']
[0.184s] Level 1:colcon.colcon_core.package_identification:_identify(Universal_Robots_ROS2_GZ_Simulation/ur_simulation_gz) by extension 'ros'
[0.184s] DEBUG:colcon.colcon_core.package_identification:Package 'Universal_Robots_ROS2_GZ_Simulation/ur_simulation_gz' with type 'ros.ament_cmake' and name 'ur_simulation_gz'
[0.185s] Level 1:colcon.colcon_core.package_identification:_identify(Universal_Robots_ROS2_Tutorials) by extensions ['ignore', 'ignore_ament_install']
[0.185s] Level 1:colcon.colcon_core.package_identification:_identify(Universal_Robots_ROS2_Tutorials) by extension 'ignore'
[0.185s] Level 1:colcon.colcon_core.package_identification:_identify(Universal_Robots_ROS2_Tutorials) by extension 'ignore_ament_install'
[0.185s] Level 1:colcon.colcon_core.package_identification:_identify(Universal_Robots_ROS2_Tutorials) by extensions ['colcon_pkg']
[0.185s] Level 1:colcon.colcon_core.package_identification:_identify(Universal_Robots_ROS2_Tutorials) by extension 'colcon_pkg'
[0.185s] Level 1:colcon.colcon_core.package_identification:_identify(Universal_Robots_ROS2_Tutorials) by extensions ['colcon_meta']
[0.185s] Level 1:colcon.colcon_core.package_identification:_identify(Universal_Robots_ROS2_Tutorials) by extension 'colcon_meta'
[0.185s] Level 1:colcon.colcon_core.package_identification:_identify(Universal_Robots_ROS2_Tutorials) by extensions ['ros']
[0.185s] Level 1:colcon.colcon_core.package_identification:_identify(Universal_Robots_ROS2_Tutorials) by extension 'ros'
[0.185s] Level 1:colcon.colcon_core.package_identification:_identify(Universal_Robots_ROS2_Tutorials) by extensions ['cmake', 'python']
[0.185s] Level 1:colcon.colcon_core.package_identification:_identify(Universal_Robots_ROS2_Tutorials) by extension 'cmake'
[0.185s] Level 1:colcon.colcon_core.package_identification:_identify(Universal_Robots_ROS2_Tutorials) by extension 'python'
[0.185s] Level 1:colcon.colcon_core.package_identification:_identify(Universal_Robots_ROS2_Tutorials) by extensions ['python_setup_py']
[0.185s] Level 1:colcon.colcon_core.package_identification:_identify(Universal_Robots_ROS2_Tutorials) by extension 'python_setup_py'
[0.185s] Level 1:colcon.colcon_core.package_identification:_identify(Universal_Robots_ROS2_Tutorials/my_robot_cell) by extensions ['ignore', 'ignore_ament_install']
[0.185s] Level 1:colcon.colcon_core.package_identification:_identify(Universal_Robots_ROS2_Tutorials/my_robot_cell) by extension 'ignore'
[0.185s] Level 1:colcon.colcon_core.package_identification:_identify(Universal_Robots_ROS2_Tutorials/my_robot_cell) by extension 'ignore_ament_install'
[0.185s] Level 1:colcon.colcon_core.package_identification:_identify(Universal_Robots_ROS2_Tutorials/my_robot_cell) by extensions ['colcon_pkg']
[0.185s] Level 1:colcon.colcon_core.package_identification:_identify(Universal_Robots_ROS2_Tutorials/my_robot_cell) by extension 'colcon_pkg'
[0.185s] Level 1:colcon.colcon_core.package_identification:_identify(Universal_Robots_ROS2_Tutorials/my_robot_cell) by extensions ['colcon_meta']
[0.185s] Level 1:colcon.colcon_core.package_identification:_identify(Universal_Robots_ROS2_Tutorials/my_robot_cell) by extension 'colcon_meta'
[0.185s] Level 1:colcon.colcon_core.package_identification:_identify(Universal_Robots_ROS2_Tutorials/my_robot_cell) by extensions ['ros']
[0.185s] Level 1:colcon.colcon_core.package_identification:_identify(Universal_Robots_ROS2_Tutorials/my_robot_cell) by extension 'ros'
[0.185s] Level 1:colcon.colcon_core.package_identification:_identify(Universal_Robots_ROS2_Tutorials/my_robot_cell) by extensions ['cmake', 'python']
[0.185s] Level 1:colcon.colcon_core.package_identification:_identify(Universal_Robots_ROS2_Tutorials/my_robot_cell) by extension 'cmake'
[0.185s] Level 1:colcon.colcon_core.package_identification:_identify(Universal_Robots_ROS2_Tutorials/my_robot_cell) by extension 'python'
[0.185s] Level 1:colcon.colcon_core.package_identification:_identify(Universal_Robots_ROS2_Tutorials/my_robot_cell) by extensions ['python_setup_py']
[0.185s] Level 1:colcon.colcon_core.package_identification:_identify(Universal_Robots_ROS2_Tutorials/my_robot_cell) by extension 'python_setup_py'
[0.185s] Level 1:colcon.colcon_core.package_identification:_identify(Universal_Robots_ROS2_Tutorials/my_robot_cell/doc) by extensions ['ignore', 'ignore_ament_install']
[0.185s] Level 1:colcon.colcon_core.package_identification:_identify(Universal_Robots_ROS2_Tutorials/my_robot_cell/doc) by extension 'ignore'
[0.185s] Level 1:colcon.colcon_core.package_identification:_identify(Universal_Robots_ROS2_Tutorials/my_robot_cell/doc) by extension 'ignore_ament_install'
[0.185s] Level 1:colcon.colcon_core.package_identification:_identify(Universal_Robots_ROS2_Tutorials/my_robot_cell/doc) by extensions ['colcon_pkg']
[0.185s] Level 1:colcon.colcon_core.package_identification:_identify(Universal_Robots_ROS2_Tutorials/my_robot_cell/doc) by extension 'colcon_pkg'
[0.185s] Level 1:colcon.colcon_core.package_identification:_identify(Universal_Robots_ROS2_Tutorials/my_robot_cell/doc) by extensions ['colcon_meta']
[0.185s] Level 1:colcon.colcon_core.package_identification:_identify(Universal_Robots_ROS2_Tutorials/my_robot_cell/doc) by extension 'colcon_meta'
[0.185s] Level 1:colcon.colcon_core.package_identification:_identify(Universal_Robots_ROS2_Tutorials/my_robot_cell/doc) by extensions ['ros']
[0.185s] Level 1:colcon.colcon_core.package_identification:_identify(Universal_Robots_ROS2_Tutorials/my_robot_cell/doc) by extension 'ros'
[0.185s] Level 1:colcon.colcon_core.package_identification:_identify(Universal_Robots_ROS2_Tutorials/my_robot_cell/doc) by extensions ['cmake', 'python']
[0.185s] Level 1:colcon.colcon_core.package_identification:_identify(Universal_Robots_ROS2_Tutorials/my_robot_cell/doc) by extension 'cmake'
[0.185s] Level 1:colcon.colcon_core.package_identification:_identify(Universal_Robots_ROS2_Tutorials/my_robot_cell/doc) by extension 'python'
[0.185s] Level 1:colcon.colcon_core.package_identification:_identify(Universal_Robots_ROS2_Tutorials/my_robot_cell/doc) by extensions ['python_setup_py']
[0.185s] Level 1:colcon.colcon_core.package_identification:_identify(Universal_Robots_ROS2_Tutorials/my_robot_cell/doc) by extension 'python_setup_py'
[0.185s] Level 1:colcon.colcon_core.package_identification:_identify(Universal_Robots_ROS2_Tutorials/my_robot_cell/my_robot_cell_control) by extensions ['ignore', 'ignore_ament_install']
[0.185s] Level 1:colcon.colcon_core.package_identification:_identify(Universal_Robots_ROS2_Tutorials/my_robot_cell/my_robot_cell_control) by extension 'ignore'
[0.185s] Level 1:colcon.colcon_core.package_identification:_identify(Universal_Robots_ROS2_Tutorials/my_robot_cell/my_robot_cell_control) by extension 'ignore_ament_install'
[0.185s] Level 1:colcon.colcon_core.package_identification:_identify(Universal_Robots_ROS2_Tutorials/my_robot_cell/my_robot_cell_control) by extensions ['colcon_pkg']
[0.186s] Level 1:colcon.colcon_core.package_identification:_identify(Universal_Robots_ROS2_Tutorials/my_robot_cell/my_robot_cell_control) by extension 'colcon_pkg'
[0.186s] Level 1:colcon.colcon_core.package_identification:_identify(Universal_Robots_ROS2_Tutorials/my_robot_cell/my_robot_cell_control) by extensions ['colcon_meta']
[0.186s] Level 1:colcon.colcon_core.package_identification:_identify(Universal_Robots_ROS2_Tutorials/my_robot_cell/my_robot_cell_control) by extension 'colcon_meta'
[0.186s] Level 1:colcon.colcon_core.package_identification:_identify(Universal_Robots_ROS2_Tutorials/my_robot_cell/my_robot_cell_control) by extensions ['ros']
[0.186s] Level 1:colcon.colcon_core.package_identification:_identify(Universal_Robots_ROS2_Tutorials/my_robot_cell/my_robot_cell_control) by extension 'ros'
[0.186s] DEBUG:colcon.colcon_core.package_identification:Package 'Universal_Robots_ROS2_Tutorials/my_robot_cell/my_robot_cell_control' with type 'ros.ament_cmake' and name 'my_robot_cell_control'
[0.186s] Level 1:colcon.colcon_core.package_identification:_identify(Universal_Robots_ROS2_Tutorials/my_robot_cell/my_robot_cell_description) by extensions ['ignore', 'ignore_ament_install']
[0.186s] Level 1:colcon.colcon_core.package_identification:_identify(Universal_Robots_ROS2_Tutorials/my_robot_cell/my_robot_cell_description) by extension 'ignore'
[0.186s] Level 1:colcon.colcon_core.package_identification:_identify(Universal_Robots_ROS2_Tutorials/my_robot_cell/my_robot_cell_description) by extension 'ignore_ament_install'
[0.186s] Level 1:colcon.colcon_core.package_identification:_identify(Universal_Robots_ROS2_Tutorials/my_robot_cell/my_robot_cell_description) by extensions ['colcon_pkg']
[0.186s] Level 1:colcon.colcon_core.package_identification:_identify(Universal_Robots_ROS2_Tutorials/my_robot_cell/my_robot_cell_description) by extension 'colcon_pkg'
[0.186s] Level 1:colcon.colcon_core.package_identification:_identify(Universal_Robots_ROS2_Tutorials/my_robot_cell/my_robot_cell_description) by extensions ['colcon_meta']
[0.186s] Level 1:colcon.colcon_core.package_identification:_identify(Universal_Robots_ROS2_Tutorials/my_robot_cell/my_robot_cell_description) by extension 'colcon_meta'
[0.186s] Level 1:colcon.colcon_core.package_identification:_identify(Universal_Robots_ROS2_Tutorials/my_robot_cell/my_robot_cell_description) by extensions ['ros']
[0.186s] Level 1:colcon.colcon_core.package_identification:_identify(Universal_Robots_ROS2_Tutorials/my_robot_cell/my_robot_cell_description) by extension 'ros'
[0.187s] DEBUG:colcon.colcon_core.package_identification:Package 'Universal_Robots_ROS2_Tutorials/my_robot_cell/my_robot_cell_description' with type 'ros.ament_cmake' and name 'my_robot_cell_description'
[0.187s] Level 1:colcon.colcon_core.package_identification:_identify(Universal_Robots_ROS2_Tutorials/my_robot_cell/my_robot_cell_gz) by extensions ['ignore', 'ignore_ament_install']
[0.187s] Level 1:colcon.colcon_core.package_identification:_identify(Universal_Robots_ROS2_Tutorials/my_robot_cell/my_robot_cell_gz) by extension 'ignore'
[0.187s] Level 1:colcon.colcon_core.package_identification:_identify(Universal_Robots_ROS2_Tutorials/my_robot_cell/my_robot_cell_gz) by extension 'ignore_ament_install'
[0.187s] Level 1:colcon.colcon_core.package_identification:_identify(Universal_Robots_ROS2_Tutorials/my_robot_cell/my_robot_cell_gz) by extensions ['colcon_pkg']
[0.187s] Level 1:colcon.colcon_core.package_identification:_identify(Universal_Robots_ROS2_Tutorials/my_robot_cell/my_robot_cell_gz) by extension 'colcon_pkg'
[0.187s] Level 1:colcon.colcon_core.package_identification:_identify(Universal_Robots_ROS2_Tutorials/my_robot_cell/my_robot_cell_gz) by extensions ['colcon_meta']
[0.187s] Level 1:colcon.colcon_core.package_identification:_identify(Universal_Robots_ROS2_Tutorials/my_robot_cell/my_robot_cell_gz) by extension 'colcon_meta'
[0.187s] Level 1:colcon.colcon_core.package_identification:_identify(Universal_Robots_ROS2_Tutorials/my_robot_cell/my_robot_cell_gz) by extensions ['ros']
[0.187s] Level 1:colcon.colcon_core.package_identification:_identify(Universal_Robots_ROS2_Tutorials/my_robot_cell/my_robot_cell_gz) by extension 'ros'
[0.187s] DEBUG:colcon.colcon_core.package_identification:Package 'Universal_Robots_ROS2_Tutorials/my_robot_cell/my_robot_cell_gz' with type 'ros.ament_cmake' and name 'my_robot_cell_gz'
[0.187s] Level 1:colcon.colcon_core.package_identification:_identify(Universal_Robots_ROS2_Tutorials/my_robot_cell/my_robot_cell_moveit_config) by extensions ['ignore', 'ignore_ament_install']
[0.187s] Level 1:colcon.colcon_core.package_identification:_identify(Universal_Robots_ROS2_Tutorials/my_robot_cell/my_robot_cell_moveit_config) by extension 'ignore'
[0.188s] Level 1:colcon.colcon_core.package_identification:_identify(Universal_Robots_ROS2_Tutorials/my_robot_cell/my_robot_cell_moveit_config) by extension 'ignore_ament_install'
[0.188s] Level 1:colcon.colcon_core.package_identification:_identify(Universal_Robots_ROS2_Tutorials/my_robot_cell/my_robot_cell_moveit_config) by extensions ['colcon_pkg']
[0.188s] Level 1:colcon.colcon_core.package_identification:_identify(Universal_Robots_ROS2_Tutorials/my_robot_cell/my_robot_cell_moveit_config) by extension 'colcon_pkg'
[0.188s] Level 1:colcon.colcon_core.package_identification:_identify(Universal_Robots_ROS2_Tutorials/my_robot_cell/my_robot_cell_moveit_config) by extensions ['colcon_meta']
[0.188s] Level 1:colcon.colcon_core.package_identification:_identify(Universal_Robots_ROS2_Tutorials/my_robot_cell/my_robot_cell_moveit_config) by extension 'colcon_meta'
[0.188s] Level 1:colcon.colcon_core.package_identification:_identify(Universal_Robots_ROS2_Tutorials/my_robot_cell/my_robot_cell_moveit_config) by extensions ['ros']
[0.188s] Level 1:colcon.colcon_core.package_identification:_identify(Universal_Robots_ROS2_Tutorials/my_robot_cell/my_robot_cell_moveit_config) by extension 'ros'
[0.188s] DEBUG:colcon.colcon_core.package_identification:Package 'Universal_Robots_ROS2_Tutorials/my_robot_cell/my_robot_cell_moveit_config' with type 'ros.ament_cmake' and name 'my_robot_cell_moveit_config'
[0.188s] Level 1:colcon.colcon_core.package_identification:_identify(agv_description) by extensions ['ignore', 'ignore_ament_install']
[0.188s] Level 1:colcon.colcon_core.package_identification:_identify(agv_description) by extension 'ignore'
[0.188s] Level 1:colcon.colcon_core.package_identification:_identify(agv_description) by extension 'ignore_ament_install'
[0.188s] Level 1:colcon.colcon_core.package_identification:_identify(agv_description) by extensions ['colcon_pkg']
[0.188s] Level 1:colcon.colcon_core.package_identification:_identify(agv_description) by extension 'colcon_pkg'
[0.188s] Level 1:colcon.colcon_core.package_identification:_identify(agv_description) by extensions ['colcon_meta']
[0.188s] Level 1:colcon.colcon_core.package_identification:_identify(agv_description) by extension 'colcon_meta'
[0.188s] Level 1:colcon.colcon_core.package_identification:_identify(agv_description) by extensions ['ros']
[0.188s] Level 1:colcon.colcon_core.package_identification:_identify(agv_description) by extension 'ros'
[0.189s] DEBUG:colcon.colcon_core.package_identification:Package 'agv_description' with type 'ros.ament_cmake' and name 'agv_description'
[0.189s] Level 1:colcon.colcon_core.package_identification:_identify(agv_nodes) by extensions ['ignore', 'ignore_ament_install']
[0.189s] Level 1:colcon.colcon_core.package_identification:_identify(agv_nodes) by extension 'ignore'
[0.189s] Level 1:colcon.colcon_core.package_identification:_identify(agv_nodes) by extension 'ignore_ament_install'
[0.189s] Level 1:colcon.colcon_core.package_identification:_identify(agv_nodes) by extensions ['colcon_pkg']
[0.189s] Level 1:colcon.colcon_core.package_identification:_identify(agv_nodes) by extension 'colcon_pkg'
[0.189s] Level 1:colcon.colcon_core.package_identification:_identify(agv_nodes) by extensions ['colcon_meta']
[0.189s] Level 1:colcon.colcon_core.package_identification:_identify(agv_nodes) by extension 'colcon_meta'
[0.189s] Level 1:colcon.colcon_core.package_identification:_identify(agv_nodes) by extensions ['ros']
[0.189s] Level 1:colcon.colcon_core.package_identification:_identify(agv_nodes) by extension 'ros'
[0.189s] DEBUG:colcon.colcon_core.package_identification:Package 'agv_nodes' with type 'ros.ament_python' and name 'agv_nodes'
[0.189s] Level 1:colcon.colcon_core.package_identification:_identify(build) by extensions ['ignore', 'ignore_ament_install']
[0.189s] Level 1:colcon.colcon_core.package_identification:_identify(build) by extension 'ignore'
[0.189s] Level 1:colcon.colcon_core.package_identification:_identify(build) ignored
[0.189s] Level 1:colcon.colcon_core.package_identification:_identify(festo_edcon_ros2) by extensions ['ignore', 'ignore_ament_install']
[0.189s] Level 1:colcon.colcon_core.package_identification:_identify(festo_edcon_ros2) by extension 'ignore'
[0.189s] Level 1:colcon.colcon_core.package_identification:_identify(festo_edcon_ros2) by extension 'ignore_ament_install'
[0.189s] Level 1:colcon.colcon_core.package_identification:_identify(festo_edcon_ros2) by extensions ['colcon_pkg']
[0.189s] Level 1:colcon.colcon_core.package_identification:_identify(festo_edcon_ros2) by extension 'colcon_pkg'
[0.189s] Level 1:colcon.colcon_core.package_identification:_identify(festo_edcon_ros2) by extensions ['colcon_meta']
[0.189s] Level 1:colcon.colcon_core.package_identification:_identify(festo_edcon_ros2) by extension 'colcon_meta'
[0.189s] Level 1:colcon.colcon_core.package_identification:_identify(festo_edcon_ros2) by extensions ['ros']
[0.189s] Level 1:colcon.colcon_core.package_identification:_identify(festo_edcon_ros2) by extension 'ros'
[0.190s] DEBUG:colcon.colcon_core.package_identification:Package 'festo_edcon_ros2' with type 'ros.ament_cmake' and name 'festo_edcon_ros2'
[0.190s] Level 1:colcon.colcon_core.package_identification:_identify(gz_ros2_control) by extensions ['ignore', 'ignore_ament_install']
[0.190s] Level 1:colcon.colcon_core.package_identification:_identify(gz_ros2_control) by extension 'ignore'
[0.190s] Level 1:colcon.colcon_core.package_identification:_identify(gz_ros2_control) by extension 'ignore_ament_install'
[0.190s] Level 1:colcon.colcon_core.package_identification:_identify(gz_ros2_control) by extensions ['colcon_pkg']
[0.190s] Level 1:colcon.colcon_core.package_identification:_identify(gz_ros2_control) by extension 'colcon_pkg'
[0.190s] Level 1:colcon.colcon_core.package_identification:_identify(gz_ros2_control) by extensions ['colcon_meta']
[0.190s] Level 1:colcon.colcon_core.package_identification:_identify(gz_ros2_control) by extension 'colcon_meta'
[0.190s] Level 1:colcon.colcon_core.package_identification:_identify(gz_ros2_control) by extensions ['ros']
[0.190s] Level 1:colcon.colcon_core.package_identification:_identify(gz_ros2_control) by extension 'ros'
[0.190s] Level 1:colcon.colcon_core.package_identification:_identify(gz_ros2_control) by extensions ['cmake', 'python']
[0.190s] Level 1:colcon.colcon_core.package_identification:_identify(gz_ros2_control) by extension 'cmake'
[0.190s] Level 1:colcon.colcon_core.package_identification:_identify(gz_ros2_control) by extension 'python'
[0.190s] Level 1:colcon.colcon_core.package_identification:_identify(gz_ros2_control) by extensions ['python_setup_py']
[0.190s] Level 1:colcon.colcon_core.package_identification:_identify(gz_ros2_control) by extension 'python_setup_py'
[0.190s] Level 1:colcon.colcon_core.package_identification:_identify(gz_ros2_control/Dockerfile) by extensions ['ignore', 'ignore_ament_install']
[0.190s] Level 1:colcon.colcon_core.package_identification:_identify(gz_ros2_control/Dockerfile) by extension 'ignore'
[0.190s] Level 1:colcon.colcon_core.package_identification:_identify(gz_ros2_control/Dockerfile) by extension 'ignore_ament_install'
[0.190s] Level 1:colcon.colcon_core.package_identification:_identify(gz_ros2_control/Dockerfile) by extensions ['colcon_pkg']
[0.190s] Level 1:colcon.colcon_core.package_identification:_identify(gz_ros2_control/Dockerfile) by extension 'colcon_pkg'
[0.190s] Level 1:colcon.colcon_core.package_identification:_identify(gz_ros2_control/Dockerfile) by extensions ['colcon_meta']
[0.190s] Level 1:colcon.colcon_core.package_identification:_identify(gz_ros2_control/Dockerfile) by extension 'colcon_meta'
[0.190s] Level 1:colcon.colcon_core.package_identification:_identify(gz_ros2_control/Dockerfile) by extensions ['ros']
[0.190s] Level 1:colcon.colcon_core.package_identification:_identify(gz_ros2_control/Dockerfile) by extension 'ros'
[0.190s] Level 1:colcon.colcon_core.package_identification:_identify(gz_ros2_control/Dockerfile) by extensions ['cmake', 'python']
[0.190s] Level 1:colcon.colcon_core.package_identification:_identify(gz_ros2_control/Dockerfile) by extension 'cmake'
[0.190s] Level 1:colcon.colcon_core.package_identification:_identify(gz_ros2_control/Dockerfile) by extension 'python'
[0.190s] Level 1:colcon.colcon_core.package_identification:_identify(gz_ros2_control/Dockerfile) by extensions ['python_setup_py']
[0.190s] Level 1:colcon.colcon_core.package_identification:_identify(gz_ros2_control/Dockerfile) by extension 'python_setup_py'
[0.190s] Level 1:colcon.colcon_core.package_identification:_identify(gz_ros2_control/doc) by extensions ['ignore', 'ignore_ament_install']
[0.190s] Level 1:colcon.colcon_core.package_identification:_identify(gz_ros2_control/doc) by extension 'ignore'
[0.190s] Level 1:colcon.colcon_core.package_identification:_identify(gz_ros2_control/doc) by extension 'ignore_ament_install'
[0.190s] Level 1:colcon.colcon_core.package_identification:_identify(gz_ros2_control/doc) by extensions ['colcon_pkg']
[0.191s] Level 1:colcon.colcon_core.package_identification:_identify(gz_ros2_control/doc) by extension 'colcon_pkg'
[0.191s] Level 1:colcon.colcon_core.package_identification:_identify(gz_ros2_control/doc) by extensions ['colcon_meta']
[0.191s] Level 1:colcon.colcon_core.package_identification:_identify(gz_ros2_control/doc) by extension 'colcon_meta'
[0.191s] Level 1:colcon.colcon_core.package_identification:_identify(gz_ros2_control/doc) by extensions ['ros']
[0.191s] Level 1:colcon.colcon_core.package_identification:_identify(gz_ros2_control/doc) by extension 'ros'
[0.191s] Level 1:colcon.colcon_core.package_identification:_identify(gz_ros2_control/doc) by extensions ['cmake', 'python']
[0.191s] Level 1:colcon.colcon_core.package_identification:_identify(gz_ros2_control/doc) by extension 'cmake'
[0.191s] Level 1:colcon.colcon_core.package_identification:_identify(gz_ros2_control/doc) by extension 'python'
[0.191s] Level 1:colcon.colcon_core.package_identification:_identify(gz_ros2_control/doc) by extensions ['python_setup_py']
[0.191s] Level 1:colcon.colcon_core.package_identification:_identify(gz_ros2_control/doc) by extension 'python_setup_py'
[0.191s] Level 1:colcon.colcon_core.package_identification:_identify(gz_ros2_control/doc/img) by extensions ['ignore', 'ignore_ament_install']
[0.191s] Level 1:colcon.colcon_core.package_identification:_identify(gz_ros2_control/doc/img) by extension 'ignore'
[0.191s] Level 1:colcon.colcon_core.package_identification:_identify(gz_ros2_control/doc/img) by extension 'ignore_ament_install'
[0.191s] Level 1:colcon.colcon_core.package_identification:_identify(gz_ros2_control/doc/img) by extensions ['colcon_pkg']
[0.191s] Level 1:colcon.colcon_core.package_identification:_identify(gz_ros2_control/doc/img) by extension 'colcon_pkg'
[0.191s] Level 1:colcon.colcon_core.package_identification:_identify(gz_ros2_control/doc/img) by extensions ['colcon_meta']
[0.191s] Level 1:colcon.colcon_core.package_identification:_identify(gz_ros2_control/doc/img) by extension 'colcon_meta'
[0.191s] Level 1:colcon.colcon_core.package_identification:_identify(gz_ros2_control/doc/img) by extensions ['ros']
[0.191s] Level 1:colcon.colcon_core.package_identification:_identify(gz_ros2_control/doc/img) by extension 'ros'
[0.191s] Level 1:colcon.colcon_core.package_identification:_identify(gz_ros2_control/doc/img) by extensions ['cmake', 'python']
[0.191s] Level 1:colcon.colcon_core.package_identification:_identify(gz_ros2_control/doc/img) by extension 'cmake'
[0.191s] Level 1:colcon.colcon_core.package_identification:_identify(gz_ros2_control/doc/img) by extension 'python'
[0.191s] Level 1:colcon.colcon_core.package_identification:_identify(gz_ros2_control/doc/img) by extensions ['python_setup_py']
[0.191s] Level 1:colcon.colcon_core.package_identification:_identify(gz_ros2_control/doc/img) by extension 'python_setup_py'
[0.191s] Level 1:colcon.colcon_core.package_identification:_identify(gz_ros2_control/gz_ros2_control) by extensions ['ignore', 'ignore_ament_install']
[0.191s] Level 1:colcon.colcon_core.package_identification:_identify(gz_ros2_control/gz_ros2_control) by extension 'ignore'
[0.191s] Level 1:colcon.colcon_core.package_identification:_identify(gz_ros2_control/gz_ros2_control) by extension 'ignore_ament_install'
[0.191s] Level 1:colcon.colcon_core.package_identification:_identify(gz_ros2_control/gz_ros2_control) by extensions ['colcon_pkg']
[0.191s] Level 1:colcon.colcon_core.package_identification:_identify(gz_ros2_control/gz_ros2_control) by extension 'colcon_pkg'
[0.191s] Level 1:colcon.colcon_core.package_identification:_identify(gz_ros2_control/gz_ros2_control) by extensions ['colcon_meta']
[0.191s] Level 1:colcon.colcon_core.package_identification:_identify(gz_ros2_control/gz_ros2_control) by extension 'colcon_meta'
[0.191s] Level 1:colcon.colcon_core.package_identification:_identify(gz_ros2_control/gz_ros2_control) by extensions ['ros']
[0.191s] Level 1:colcon.colcon_core.package_identification:_identify(gz_ros2_control/gz_ros2_control) by extension 'ros'
[0.195s] DEBUG:colcon.colcon_core.package_identification:Package 'gz_ros2_control/gz_ros2_control' with type 'ros.ament_cmake' and name 'gz_ros2_control'
[0.195s] Level 1:colcon.colcon_core.package_identification:_identify(gz_ros2_control/gz_ros2_control_demos) by extensions ['ignore', 'ignore_ament_install']
[0.195s] Level 1:colcon.colcon_core.package_identification:_identify(gz_ros2_control/gz_ros2_control_demos) by extension 'ignore'
[0.195s] Level 1:colcon.colcon_core.package_identification:_identify(gz_ros2_control/gz_ros2_control_demos) by extension 'ignore_ament_install'
[0.195s] Level 1:colcon.colcon_core.package_identification:_identify(gz_ros2_control/gz_ros2_control_demos) by extensions ['colcon_pkg']
[0.195s] Level 1:colcon.colcon_core.package_identification:_identify(gz_ros2_control/gz_ros2_control_demos) by extension 'colcon_pkg'
[0.195s] Level 1:colcon.colcon_core.package_identification:_identify(gz_ros2_control/gz_ros2_control_demos) by extensions ['colcon_meta']
[0.195s] Level 1:colcon.colcon_core.package_identification:_identify(gz_ros2_control/gz_ros2_control_demos) by extension 'colcon_meta'
[0.195s] Level 1:colcon.colcon_core.package_identification:_identify(gz_ros2_control/gz_ros2_control_demos) by extensions ['ros']
[0.195s] Level 1:colcon.colcon_core.package_identification:_identify(gz_ros2_control/gz_ros2_control_demos) by extension 'ros'
[0.196s] DEBUG:colcon.colcon_core.package_identification:Package 'gz_ros2_control/gz_ros2_control_demos' with type 'ros.ament_cmake' and name 'gz_ros2_control_demos'
[0.196s] Level 1:colcon.colcon_core.package_identification:_identify(gz_ros2_control/gz_ros2_control_tests) by extensions ['ignore', 'ignore_ament_install']
[0.196s] Level 1:colcon.colcon_core.package_identification:_identify(gz_ros2_control/gz_ros2_control_tests) by extension 'ignore'
[0.196s] Level 1:colcon.colcon_core.package_identification:_identify(gz_ros2_control/gz_ros2_control_tests) by extension 'ignore_ament_install'
[0.196s] Level 1:colcon.colcon_core.package_identification:_identify(gz_ros2_control/gz_ros2_control_tests) by extensions ['colcon_pkg']
[0.196s] Level 1:colcon.colcon_core.package_identification:_identify(gz_ros2_control/gz_ros2_control_tests) by extension 'colcon_pkg'
[0.196s] Level 1:colcon.colcon_core.package_identification:_identify(gz_ros2_control/gz_ros2_control_tests) by extensions ['colcon_meta']
[0.196s] Level 1:colcon.colcon_core.package_identification:_identify(gz_ros2_control/gz_ros2_control_tests) by extension 'colcon_meta'
[0.196s] Level 1:colcon.colcon_core.package_identification:_identify(gz_ros2_control/gz_ros2_control_tests) by extensions ['ros']
[0.196s] Level 1:colcon.colcon_core.package_identification:_identify(gz_ros2_control/gz_ros2_control_tests) by extension 'ros'
[0.197s] DEBUG:colcon.colcon_core.package_identification:Package 'gz_ros2_control/gz_ros2_control_tests' with type 'ros.ament_cmake' and name 'gz_ros2_control_tests'
[0.197s] Level 1:colcon.colcon_core.package_identification:_identify(gz_ros2_control/ign_ros2_control) by extensions ['ignore', 'ignore_ament_install']
[0.197s] Level 1:colcon.colcon_core.package_identification:_identify(gz_ros2_control/ign_ros2_control) by extension 'ignore'
[0.197s] Level 1:colcon.colcon_core.package_identification:_identify(gz_ros2_control/ign_ros2_control) by extension 'ignore_ament_install'
[0.197s] Level 1:colcon.colcon_core.package_identification:_identify(gz_ros2_control/ign_ros2_control) by extensions ['colcon_pkg']
[0.197s] Level 1:colcon.colcon_core.package_identification:_identify(gz_ros2_control/ign_ros2_control) by extension 'colcon_pkg'
[0.197s] Level 1:colcon.colcon_core.package_identification:_identify(gz_ros2_control/ign_ros2_control) by extensions ['colcon_meta']
[0.197s] Level 1:colcon.colcon_core.package_identification:_identify(gz_ros2_control/ign_ros2_control) by extension 'colcon_meta'
[0.197s] Level 1:colcon.colcon_core.package_identification:_identify(gz_ros2_control/ign_ros2_control) by extensions ['ros']
[0.197s] Level 1:colcon.colcon_core.package_identification:_identify(gz_ros2_control/ign_ros2_control) by extension 'ros'
[0.197s] DEBUG:colcon.colcon_core.package_identification:Package 'gz_ros2_control/ign_ros2_control' with type 'ros.ament_cmake' and name 'ign_ros2_control'
[0.197s] Level 1:colcon.colcon_core.package_identification:_identify(gz_ros2_control/ign_ros2_control_demos) by extensions ['ignore', 'ignore_ament_install']
[0.197s] Level 1:colcon.colcon_core.package_identification:_identify(gz_ros2_control/ign_ros2_control_demos) by extension 'ignore'
[0.197s] Level 1:colcon.colcon_core.package_identification:_identify(gz_ros2_control/ign_ros2_control_demos) by extension 'ignore_ament_install'
[0.197s] Level 1:colcon.colcon_core.package_identification:_identify(gz_ros2_control/ign_ros2_control_demos) by extensions ['colcon_pkg']
[0.197s] Level 1:colcon.colcon_core.package_identification:_identify(gz_ros2_control/ign_ros2_control_demos) by extension 'colcon_pkg'
[0.197s] Level 1:colcon.colcon_core.package_identification:_identify(gz_ros2_control/ign_ros2_control_demos) by extensions ['colcon_meta']
[0.197s] Level 1:colcon.colcon_core.package_identification:_identify(gz_ros2_control/ign_ros2_control_demos) by extension 'colcon_meta'
[0.197s] Level 1:colcon.colcon_core.package_identification:_identify(gz_ros2_control/ign_ros2_control_demos) by extensions ['ros']
[0.197s] Level 1:colcon.colcon_core.package_identification:_identify(gz_ros2_control/ign_ros2_control_demos) by extension 'ros'
[0.198s] DEBUG:colcon.colcon_core.package_identification:Package 'gz_ros2_control/ign_ros2_control_demos' with type 'ros.ament_cmake' and name 'ign_ros2_control_demos'
[0.198s] Level 1:colcon.colcon_core.package_identification:_identify(install) by extensions ['ignore', 'ignore_ament_install']
[0.198s] Level 1:colcon.colcon_core.package_identification:_identify(install) by extension 'ignore'
[0.198s] Level 1:colcon.colcon_core.package_identification:_identify(install) ignored
[0.198s] Level 1:colcon.colcon_core.package_identification:_identify(kawasaki_ros2_control) by extensions ['ignore', 'ignore_ament_install']
[0.198s] Level 1:colcon.colcon_core.package_identification:_identify(kawasaki_ros2_control) by extension 'ignore'
[0.198s] Level 1:colcon.colcon_core.package_identification:_identify(kawasaki_ros2_control) by extension 'ignore_ament_install'
[0.198s] Level 1:colcon.colcon_core.package_identification:_identify(kawasaki_ros2_control) by extensions ['colcon_pkg']
[0.198s] Level 1:colcon.colcon_core.package_identification:_identify(kawasaki_ros2_control) by extension 'colcon_pkg'
[0.198s] Level 1:colcon.colcon_core.package_identification:_identify(kawasaki_ros2_control) by extensions ['colcon_meta']
[0.198s] Level 1:colcon.colcon_core.package_identification:_identify(kawasaki_ros2_control) by extension 'colcon_meta'
[0.198s] Level 1:colcon.colcon_core.package_identification:_identify(kawasaki_ros2_control) by extensions ['ros']
[0.198s] Level 1:colcon.colcon_core.package_identification:_identify(kawasaki_ros2_control) by extension 'ros'
[0.198s] DEBUG:colcon.colcon_core.package_identification:Package 'kawasaki_ros2_control' with type 'ros.ament_cmake' and name 'kawasaki_ros2_control'
[0.198s] Level 1:colcon.colcon_core.package_identification:_identify(log) by extensions ['ignore', 'ignore_ament_install']
[0.199s] Level 1:colcon.colcon_core.package_identification:_identify(log) by extension 'ignore'
[0.199s] Level 1:colcon.colcon_core.package_identification:_identify(log) ignored
[0.199s] Level 1:colcon.colcon_core.package_identification:_identify(mobile_manipulator_description) by extensions ['ignore', 'ignore_ament_install']
[0.199s] Level 1:colcon.colcon_core.package_identification:_identify(mobile_manipulator_description) by extension 'ignore'
[0.199s] Level 1:colcon.colcon_core.package_identification:_identify(mobile_manipulator_description) by extension 'ignore_ament_install'
[0.199s] Level 1:colcon.colcon_core.package_identification:_identify(mobile_manipulator_description) by extensions ['colcon_pkg']
[0.199s] Level 1:colcon.colcon_core.package_identification:_identify(mobile_manipulator_description) by extension 'colcon_pkg'
[0.199s] Level 1:colcon.colcon_core.package_identification:_identify(mobile_manipulator_description) by extensions ['colcon_meta']
[0.199s] Level 1:colcon.colcon_core.package_identification:_identify(mobile_manipulator_description) by extension 'colcon_meta'
[0.199s] Level 1:colcon.colcon_core.package_identification:_identify(mobile_manipulator_description) by extensions ['ros']
[0.199s] Level 1:colcon.colcon_core.package_identification:_identify(mobile_manipulator_description) by extension 'ros'
[0.199s] DEBUG:colcon.colcon_core.package_identification:Package 'mobile_manipulator_description' with type 'ros.ament_cmake' and name 'mobile_manipulator_description'
[0.199s] Level 1:colcon.colcon_core.package_identification:_identify(onrobot_2fg7_description) by extensions ['ignore', 'ignore_ament_install']
[0.199s] Level 1:colcon.colcon_core.package_identification:_identify(onrobot_2fg7_description) by extension 'ignore'
[0.199s] Level 1:colcon.colcon_core.package_identification:_identify(onrobot_2fg7_description) by extension 'ignore_ament_install'
[0.199s] Level 1:colcon.colcon_core.package_identification:_identify(onrobot_2fg7_description) by extensions ['colcon_pkg']
[0.199s] Level 1:colcon.colcon_core.package_identification:_identify(onrobot_2fg7_description) by extension 'colcon_pkg'
[0.199s] Level 1:colcon.colcon_core.package_identification:_identify(onrobot_2fg7_description) by extensions ['colcon_meta']
[0.199s] Level 1:colcon.colcon_core.package_identification:_identify(onrobot_2fg7_description) by extension 'colcon_meta'
[0.199s] Level 1:colcon.colcon_core.package_identification:_identify(onrobot_2fg7_description) by extensions ['ros']
[0.199s] Level 1:colcon.colcon_core.package_identification:_identify(onrobot_2fg7_description) by extension 'ros'
[0.200s] DEBUG:colcon.colcon_core.package_identification:Package 'onrobot_2fg7_description' with type 'ros.ament_cmake' and name 'onrobot_2fg7_description'
[0.200s] Level 1:colcon.colcon_core.package_identification:_identify(onrobot_api) by extensions ['ignore', 'ignore_ament_install']
[0.200s] Level 1:colcon.colcon_core.package_identification:_identify(onrobot_api) by extension 'ignore'
[0.200s] Level 1:colcon.colcon_core.package_identification:_identify(onrobot_api) by extension 'ignore_ament_install'
[0.200s] Level 1:colcon.colcon_core.package_identification:_identify(onrobot_api) by extensions ['colcon_pkg']
[0.200s] Level 1:colcon.colcon_core.package_identification:_identify(onrobot_api) by extension 'colcon_pkg'
[0.200s] Level 1:colcon.colcon_core.package_identification:_identify(onrobot_api) by extensions ['colcon_meta']
[0.200s] Level 1:colcon.colcon_core.package_identification:_identify(onrobot_api) by extension 'colcon_meta'
[0.200s] Level 1:colcon.colcon_core.package_identification:_identify(onrobot_api) by extensions ['ros']
[0.200s] Level 1:colcon.colcon_core.package_identification:_identify(onrobot_api) by extension 'ros'
[0.200s] DEBUG:colcon.colcon_core.package_identification:Package 'onrobot_api' with type 'ros.cmake' and name 'onrobot_api'
[0.200s] Level 1:colcon.colcon_core.package_identification:_identify(onrobot_robot_driver) by extensions ['ignore', 'ignore_ament_install']
[0.200s] Level 1:colcon.colcon_core.package_identification:_identify(onrobot_robot_driver) by extension 'ignore'
[0.200s] Level 1:colcon.colcon_core.package_identification:_identify(onrobot_robot_driver) by extension 'ignore_ament_install'
[0.200s] Level 1:colcon.colcon_core.package_identification:_identify(onrobot_robot_driver) by extensions ['colcon_pkg']
[0.200s] Level 1:colcon.colcon_core.package_identification:_identify(onrobot_robot_driver) by extension 'colcon_pkg'
[0.200s] Level 1:colcon.colcon_core.package_identification:_identify(onrobot_robot_driver) by extensions ['colcon_meta']
[0.200s] Level 1:colcon.colcon_core.package_identification:_identify(onrobot_robot_driver) by extension 'colcon_meta'
[0.200s] Level 1:colcon.colcon_core.package_identification:_identify(onrobot_robot_driver) by extensions ['ros']
[0.200s] Level 1:colcon.colcon_core.package_identification:_identify(onrobot_robot_driver) by extension 'ros'
[0.201s] DEBUG:colcon.colcon_core.package_identification:Package 'onrobot_robot_driver' with type 'ros.ament_cmake' and name 'onrobot_robot_driver'
[0.201s] Level 1:colcon.colcon_core.package_identification:_identify(pcd2octomap_builder) by extensions ['ignore', 'ignore_ament_install']
[0.201s] Level 1:colcon.colcon_core.package_identification:_identify(pcd2octomap_builder) by extension 'ignore'
[0.201s] Level 1:colcon.colcon_core.package_identification:_identify(pcd2octomap_builder) by extension 'ignore_ament_install'
[0.201s] Level 1:colcon.colcon_core.package_identification:_identify(pcd2octomap_builder) by extensions ['colcon_pkg']
[0.201s] Level 1:colcon.colcon_core.package_identification:_identify(pcd2octomap_builder) by extension 'colcon_pkg'
[0.201s] Level 1:colcon.colcon_core.package_identification:_identify(pcd2octomap_builder) by extensions ['colcon_meta']
[0.201s] Level 1:colcon.colcon_core.package_identification:_identify(pcd2octomap_builder) by extension 'colcon_meta'
[0.201s] Level 1:colcon.colcon_core.package_identification:_identify(pcd2octomap_builder) by extensions ['ros']
[0.201s] Level 1:colcon.colcon_core.package_identification:_identify(pcd2octomap_builder) by extension 'ros'
[0.201s] DEBUG:colcon.colcon_core.package_identification:Package 'pcd2octomap_builder' with type 'ros.ament_cmake' and name 'pcd2octomap_builder'
[0.201s] Level 1:colcon.colcon_core.package_identification:_identify(pcds) by extensions ['ignore', 'ignore_ament_install']
[0.201s] Level 1:colcon.colcon_core.package_identification:_identify(pcds) by extension 'ignore'
[0.201s] Level 1:colcon.colcon_core.package_identification:_identify(pcds) by extension 'ignore_ament_install'
[0.201s] Level 1:colcon.colcon_core.package_identification:_identify(pcds) by extensions ['colcon_pkg']
[0.202s] Level 1:colcon.colcon_core.package_identification:_identify(pcds) by extension 'colcon_pkg'
[0.202s] Level 1:colcon.colcon_core.package_identification:_identify(pcds) by extensions ['colcon_meta']
[0.202s] Level 1:colcon.colcon_core.package_identification:_identify(pcds) by extension 'colcon_meta'
[0.202s] Level 1:colcon.colcon_core.package_identification:_identify(pcds) by extensions ['ros']
[0.202s] Level 1:colcon.colcon_core.package_identification:_identify(pcds) by extension 'ros'
[0.202s] Level 1:colcon.colcon_core.package_identification:_identify(pcds) by extensions ['cmake', 'python']
[0.202s] Level 1:colcon.colcon_core.package_identification:_identify(pcds) by extension 'cmake'
[0.202s] Level 1:colcon.colcon_core.package_identification:_identify(pcds) by extension 'python'
[0.202s] Level 1:colcon.colcon_core.package_identification:_identify(pcds) by extensions ['python_setup_py']
[0.202s] Level 1:colcon.colcon_core.package_identification:_identify(pcds) by extension 'python_setup_py'
[0.202s] Level 1:colcon.colcon_core.package_identification:_identify(pcds/real_pcds) by extensions ['ignore', 'ignore_ament_install']
[0.202s] Level 1:colcon.colcon_core.package_identification:_identify(pcds/real_pcds) by extension 'ignore'
[0.202s] Level 1:colcon.colcon_core.package_identification:_identify(pcds/real_pcds) by extension 'ignore_ament_install'
[0.202s] Level 1:colcon.colcon_core.package_identification:_identify(pcds/real_pcds) by extensions ['colcon_pkg']
[0.202s] Level 1:colcon.colcon_core.package_identification:_identify(pcds/real_pcds) by extension 'colcon_pkg'
[0.202s] Level 1:colcon.colcon_core.package_identification:_identify(pcds/real_pcds) by extensions ['colcon_meta']
[0.202s] Level 1:colcon.colcon_core.package_identification:_identify(pcds/real_pcds) by extension 'colcon_meta'
[0.202s] Level 1:colcon.colcon_core.package_identification:_identify(pcds/real_pcds) by extensions ['ros']
[0.202s] Level 1:colcon.colcon_core.package_identification:_identify(pcds/real_pcds) by extension 'ros'
[0.202s] Level 1:colcon.colcon_core.package_identification:_identify(pcds/real_pcds) by extensions ['cmake', 'python']
[0.202s] Level 1:colcon.colcon_core.package_identification:_identify(pcds/real_pcds) by extension 'cmake'
[0.202s] Level 1:colcon.colcon_core.package_identification:_identify(pcds/real_pcds) by extension 'python'
[0.202s] Level 1:colcon.colcon_core.package_identification:_identify(pcds/real_pcds) by extensions ['python_setup_py']
[0.202s] Level 1:colcon.colcon_core.package_identification:_identify(pcds/real_pcds) by extension 'python_setup_py'
[0.202s] Level 1:colcon.colcon_core.package_identification:_identify(pcds/real_pcds/pcds) by extensions ['ignore', 'ignore_ament_install']
[0.202s] Level 1:colcon.colcon_core.package_identification:_identify(pcds/real_pcds/pcds) by extension 'ignore'
[0.202s] Level 1:colcon.colcon_core.package_identification:_identify(pcds/real_pcds/pcds) by extension 'ignore_ament_install'
[0.202s] Level 1:colcon.colcon_core.package_identification:_identify(pcds/real_pcds/pcds) by extensions ['colcon_pkg']
[0.202s] Level 1:colcon.colcon_core.package_identification:_identify(pcds/real_pcds/pcds) by extension 'colcon_pkg'
[0.202s] Level 1:colcon.colcon_core.package_identification:_identify(pcds/real_pcds/pcds) by extensions ['colcon_meta']
[0.202s] Level 1:colcon.colcon_core.package_identification:_identify(pcds/real_pcds/pcds) by extension 'colcon_meta'
[0.202s] Level 1:colcon.colcon_core.package_identification:_identify(pcds/real_pcds/pcds) by extensions ['ros']
[0.202s] Level 1:colcon.colcon_core.package_identification:_identify(pcds/real_pcds/pcds) by extension 'ros'
[0.202s] Level 1:colcon.colcon_core.package_identification:_identify(pcds/real_pcds/pcds) by extensions ['cmake', 'python']
[0.202s] Level 1:colcon.colcon_core.package_identification:_identify(pcds/real_pcds/pcds) by extension 'cmake'
[0.202s] Level 1:colcon.colcon_core.package_identification:_identify(pcds/real_pcds/pcds) by extension 'python'
[0.202s] Level 1:colcon.colcon_core.package_identification:_identify(pcds/real_pcds/pcds) by extensions ['python_setup_py']
[0.202s] Level 1:colcon.colcon_core.package_identification:_identify(pcds/real_pcds/pcds) by extension 'python_setup_py'
[0.202s] Level 1:colcon.colcon_core.package_identification:_identify(pcds/real_pcds/poses) by extensions ['ignore', 'ignore_ament_install']
[0.202s] Level 1:colcon.colcon_core.package_identification:_identify(pcds/real_pcds/poses) by extension 'ignore'
[0.202s] Level 1:colcon.colcon_core.package_identification:_identify(pcds/real_pcds/poses) by extension 'ignore_ament_install'
[0.202s] Level 1:colcon.colcon_core.package_identification:_identify(pcds/real_pcds/poses) by extensions ['colcon_pkg']
[0.202s] Level 1:colcon.colcon_core.package_identification:_identify(pcds/real_pcds/poses) by extension 'colcon_pkg'
[0.202s] Level 1:colcon.colcon_core.package_identification:_identify(pcds/real_pcds/poses) by extensions ['colcon_meta']
[0.202s] Level 1:colcon.colcon_core.package_identification:_identify(pcds/real_pcds/poses) by extension 'colcon_meta'
[0.202s] Level 1:colcon.colcon_core.package_identification:_identify(pcds/real_pcds/poses) by extensions ['ros']
[0.202s] Level 1:colcon.colcon_core.package_identification:_identify(pcds/real_pcds/poses) by extension 'ros'
[0.202s] Level 1:colcon.colcon_core.package_identification:_identify(pcds/real_pcds/poses) by extensions ['cmake', 'python']
[0.202s] Level 1:colcon.colcon_core.package_identification:_identify(pcds/real_pcds/poses) by extension 'cmake'
[0.202s] Level 1:colcon.colcon_core.package_identification:_identify(pcds/real_pcds/poses) by extension 'python'
[0.203s] Level 1:colcon.colcon_core.package_identification:_identify(pcds/real_pcds/poses) by extensions ['python_setup_py']
[0.203s] Level 1:colcon.colcon_core.package_identification:_identify(pcds/real_pcds/poses) by extension 'python_setup_py'
[0.203s] Level 1:colcon.colcon_core.package_identification:_identify(pcds/sim_pcds) by extensions ['ignore', 'ignore_ament_install']
[0.203s] Level 1:colcon.colcon_core.package_identification:_identify(pcds/sim_pcds) by extension 'ignore'
[0.203s] Level 1:colcon.colcon_core.package_identification:_identify(pcds/sim_pcds) by extension 'ignore_ament_install'
[0.203s] Level 1:colcon.colcon_core.package_identification:_identify(pcds/sim_pcds) by extensions ['colcon_pkg']
[0.203s] Level 1:colcon.colcon_core.package_identification:_identify(pcds/sim_pcds) by extension 'colcon_pkg'
[0.203s] Level 1:colcon.colcon_core.package_identification:_identify(pcds/sim_pcds) by extensions ['colcon_meta']
[0.203s] Level 1:colcon.colcon_core.package_identification:_identify(pcds/sim_pcds) by extension 'colcon_meta'
[0.203s] Level 1:colcon.colcon_core.package_identification:_identify(pcds/sim_pcds) by extensions ['ros']
[0.203s] Level 1:colcon.colcon_core.package_identification:_identify(pcds/sim_pcds) by extension 'ros'
[0.203s] Level 1:colcon.colcon_core.package_identification:_identify(pcds/sim_pcds) by extensions ['cmake', 'python']
[0.203s] Level 1:colcon.colcon_core.package_identification:_identify(pcds/sim_pcds) by extension 'cmake'
[0.203s] Level 1:colcon.colcon_core.package_identification:_identify(pcds/sim_pcds) by extension 'python'
[0.203s] Level 1:colcon.colcon_core.package_identification:_identify(pcds/sim_pcds) by extensions ['python_setup_py']
[0.203s] Level 1:colcon.colcon_core.package_identification:_identify(pcds/sim_pcds) by extension 'python_setup_py'
[0.203s] Level 1:colcon.colcon_core.package_identification:_identify(pcds/sim_pcds/pcds) by extensions ['ignore', 'ignore_ament_install']
[0.203s] Level 1:colcon.colcon_core.package_identification:_identify(pcds/sim_pcds/pcds) by extension 'ignore'
[0.203s] Level 1:colcon.colcon_core.package_identification:_identify(pcds/sim_pcds/pcds) by extension 'ignore_ament_install'
[0.203s] Level 1:colcon.colcon_core.package_identification:_identify(pcds/sim_pcds/pcds) by extensions ['colcon_pkg']
[0.203s] Level 1:colcon.colcon_core.package_identification:_identify(pcds/sim_pcds/pcds) by extension 'colcon_pkg'
[0.203s] Level 1:colcon.colcon_core.package_identification:_identify(pcds/sim_pcds/pcds) by extensions ['colcon_meta']
[0.203s] Level 1:colcon.colcon_core.package_identification:_identify(pcds/sim_pcds/pcds) by extension 'colcon_meta'
[0.203s] Level 1:colcon.colcon_core.package_identification:_identify(pcds/sim_pcds/pcds) by extensions ['ros']
[0.203s] Level 1:colcon.colcon_core.package_identification:_identify(pcds/sim_pcds/pcds) by extension 'ros'
[0.203s] Level 1:colcon.colcon_core.package_identification:_identify(pcds/sim_pcds/pcds) by extensions ['cmake', 'python']
[0.203s] Level 1:colcon.colcon_core.package_identification:_identify(pcds/sim_pcds/pcds) by extension 'cmake'
[0.203s] Level 1:colcon.colcon_core.package_identification:_identify(pcds/sim_pcds/pcds) by extension 'python'
[0.203s] Level 1:colcon.colcon_core.package_identification:_identify(pcds/sim_pcds/pcds) by extensions ['python_setup_py']
[0.203s] Level 1:colcon.colcon_core.package_identification:_identify(pcds/sim_pcds/pcds) by extension 'python_setup_py'
[0.203s] Level 1:colcon.colcon_core.package_identification:_identify(pcds/sim_pcds/poses) by extensions ['ignore', 'ignore_ament_install']
[0.203s] Level 1:colcon.colcon_core.package_identification:_identify(pcds/sim_pcds/poses) by extension 'ignore'
[0.203s] Level 1:colcon.colcon_core.package_identification:_identify(pcds/sim_pcds/poses) by extension 'ignore_ament_install'
[0.203s] Level 1:colcon.colcon_core.package_identification:_identify(pcds/sim_pcds/poses) by extensions ['colcon_pkg']
[0.203s] Level 1:colcon.colcon_core.package_identification:_identify(pcds/sim_pcds/poses) by extension 'colcon_pkg'
[0.203s] Level 1:colcon.colcon_core.package_identification:_identify(pcds/sim_pcds/poses) by extensions ['colcon_meta']
[0.203s] Level 1:colcon.colcon_core.package_identification:_identify(pcds/sim_pcds/poses) by extension 'colcon_meta'
[0.203s] Level 1:colcon.colcon_core.package_identification:_identify(pcds/sim_pcds/poses) by extensions ['ros']
[0.203s] Level 1:colcon.colcon_core.package_identification:_identify(pcds/sim_pcds/poses) by extension 'ros'
[0.203s] Level 1:colcon.colcon_core.package_identification:_identify(pcds/sim_pcds/poses) by extensions ['cmake', 'python']
[0.203s] Level 1:colcon.colcon_core.package_identification:_identify(pcds/sim_pcds/poses) by extension 'cmake'
[0.203s] Level 1:colcon.colcon_core.package_identification:_identify(pcds/sim_pcds/poses) by extension 'python'
[0.203s] Level 1:colcon.colcon_core.package_identification:_identify(pcds/sim_pcds/poses) by extensions ['python_setup_py']
[0.203s] Level 1:colcon.colcon_core.package_identification:_identify(pcds/sim_pcds/poses) by extension 'python_setup_py'
[0.203s] Level 1:colcon.colcon_core.package_identification:_identify(pointcloud_transformer) by extensions ['ignore', 'ignore_ament_install']
[0.203s] Level 1:colcon.colcon_core.package_identification:_identify(pointcloud_transformer) by extension 'ignore'
[0.203s] Level 1:colcon.colcon_core.package_identification:_identify(pointcloud_transformer) by extension 'ignore_ament_install'
[0.203s] Level 1:colcon.colcon_core.package_identification:_identify(pointcloud_transformer) by extensions ['colcon_pkg']
[0.203s] Level 1:colcon.colcon_core.package_identification:_identify(pointcloud_transformer) by extension 'colcon_pkg'
[0.204s] Level 1:colcon.colcon_core.package_identification:_identify(pointcloud_transformer) by extensions ['colcon_meta']
[0.204s] Level 1:colcon.colcon_core.package_identification:_identify(pointcloud_transformer) by extension 'colcon_meta'
[0.204s] Level 1:colcon.colcon_core.package_identification:_identify(pointcloud_transformer) by extensions ['ros']
[0.204s] Level 1:colcon.colcon_core.package_identification:_identify(pointcloud_transformer) by extension 'ros'
[0.204s] DEBUG:colcon.colcon_core.package_identification:Package 'pointcloud_transformer' with type 'ros.ament_cmake' and name 'pointcloud_transformer'
[0.204s] Level 1:colcon.colcon_core.package_identification:_identify(pymoveit2_kawasaki_real) by extensions ['ignore', 'ignore_ament_install']
[0.204s] Level 1:colcon.colcon_core.package_identification:_identify(pymoveit2_kawasaki_real) by extension 'ignore'
[0.204s] Level 1:colcon.colcon_core.package_identification:_identify(pymoveit2_kawasaki_real) by extension 'ignore_ament_install'
[0.204s] Level 1:colcon.colcon_core.package_identification:_identify(pymoveit2_kawasaki_real) by extensions ['colcon_pkg']
[0.204s] Level 1:colcon.colcon_core.package_identification:_identify(pymoveit2_kawasaki_real) by extension 'colcon_pkg'
[0.204s] Level 1:colcon.colcon_core.package_identification:_identify(pymoveit2_kawasaki_real) by extensions ['colcon_meta']
[0.204s] Level 1:colcon.colcon_core.package_identification:_identify(pymoveit2_kawasaki_real) by extension 'colcon_meta'
[0.204s] Level 1:colcon.colcon_core.package_identification:_identify(pymoveit2_kawasaki_real) by extensions ['ros']
[0.204s] Level 1:colcon.colcon_core.package_identification:_identify(pymoveit2_kawasaki_real) by extension 'ros'
[0.205s] DEBUG:colcon.colcon_core.package_identification:Package 'pymoveit2_kawasaki_real' with type 'ros.ament_cmake' and name 'pymoveit2_kawasaki_real'
[0.205s] Level 1:colcon.colcon_core.package_identification:_identify(pymoveit2_kawasaki_sim) by extensions ['ignore', 'ignore_ament_install']
[0.205s] Level 1:colcon.colcon_core.package_identification:_identify(pymoveit2_kawasaki_sim) by extension 'ignore'
[0.205s] Level 1:colcon.colcon_core.package_identification:_identify(pymoveit2_kawasaki_sim) by extension 'ignore_ament_install'
[0.205s] Level 1:colcon.colcon_core.package_identification:_identify(pymoveit2_kawasaki_sim) by extensions ['colcon_pkg']
[0.205s] Level 1:colcon.colcon_core.package_identification:_identify(pymoveit2_kawasaki_sim) by extension 'colcon_pkg'
[0.205s] Level 1:colcon.colcon_core.package_identification:_identify(pymoveit2_kawasaki_sim) by extensions ['colcon_meta']
[0.205s] Level 1:colcon.colcon_core.package_identification:_identify(pymoveit2_kawasaki_sim) by extension 'colcon_meta'
[0.205s] Level 1:colcon.colcon_core.package_identification:_identify(pymoveit2_kawasaki_sim) by extensions ['ros']
[0.205s] Level 1:colcon.colcon_core.package_identification:_identify(pymoveit2_kawasaki_sim) by extension 'ros'
[0.205s] DEBUG:colcon.colcon_core.package_identification:Package 'pymoveit2_kawasaki_sim' with type 'ros.ament_cmake' and name 'pymoveit2_kawasaki_sim'
[0.205s] Level 1:colcon.colcon_core.package_identification:_identify(pymoveit2_real) by extensions ['ignore', 'ignore_ament_install']
[0.205s] Level 1:colcon.colcon_core.package_identification:_identify(pymoveit2_real) by extension 'ignore'
[0.205s] Level 1:colcon.colcon_core.package_identification:_identify(pymoveit2_real) by extension 'ignore_ament_install'
[0.205s] Level 1:colcon.colcon_core.package_identification:_identify(pymoveit2_real) by extensions ['colcon_pkg']
[0.205s] Level 1:colcon.colcon_core.package_identification:_identify(pymoveit2_real) by extension 'colcon_pkg'
[0.205s] Level 1:colcon.colcon_core.package_identification:_identify(pymoveit2_real) by extensions ['colcon_meta']
[0.205s] Level 1:colcon.colcon_core.package_identification:_identify(pymoveit2_real) by extension 'colcon_meta'
[0.205s] Level 1:colcon.colcon_core.package_identification:_identify(pymoveit2_real) by extensions ['ros']
[0.205s] Level 1:colcon.colcon_core.package_identification:_identify(pymoveit2_real) by extension 'ros'
[0.206s] DEBUG:colcon.colcon_core.package_identification:Package 'pymoveit2_real' with type 'ros.ament_cmake' and name 'pymoveit2_real'
[0.206s] Level 1:colcon.colcon_core.package_identification:_identify(pymoveit2_sim) by extensions ['ignore', 'ignore_ament_install']
[0.206s] Level 1:colcon.colcon_core.package_identification:_identify(pymoveit2_sim) by extension 'ignore'
[0.206s] Level 1:colcon.colcon_core.package_identification:_identify(pymoveit2_sim) by extension 'ignore_ament_install'
[0.206s] Level 1:colcon.colcon_core.package_identification:_identify(pymoveit2_sim) by extensions ['colcon_pkg']
[0.206s] Level 1:colcon.colcon_core.package_identification:_identify(pymoveit2_sim) by extension 'colcon_pkg'
[0.206s] Level 1:colcon.colcon_core.package_identification:_identify(pymoveit2_sim) by extensions ['colcon_meta']
[0.206s] Level 1:colcon.colcon_core.package_identification:_identify(pymoveit2_sim) by extension 'colcon_meta'
[0.206s] Level 1:colcon.colcon_core.package_identification:_identify(pymoveit2_sim) by extensions ['ros']
[0.206s] Level 1:colcon.colcon_core.package_identification:_identify(pymoveit2_sim) by extension 'ros'
[0.206s] DEBUG:colcon.colcon_core.package_identification:Package 'pymoveit2_sim' with type 'ros.ament_cmake' and name 'pymoveit2_sim'
[0.206s] Level 1:colcon.colcon_core.package_identification:_identify(real_ifarlab_gripper_moveit_config) by extensions ['ignore', 'ignore_ament_install']
[0.206s] Level 1:colcon.colcon_core.package_identification:_identify(real_ifarlab_gripper_moveit_config) by extension 'ignore'
[0.206s] Level 1:colcon.colcon_core.package_identification:_identify(real_ifarlab_gripper_moveit_config) by extension 'ignore_ament_install'
[0.206s] Level 1:colcon.colcon_core.package_identification:_identify(real_ifarlab_gripper_moveit_config) by extensions ['colcon_pkg']
[0.206s] Level 1:colcon.colcon_core.package_identification:_identify(real_ifarlab_gripper_moveit_config) by extension 'colcon_pkg'
[0.206s] Level 1:colcon.colcon_core.package_identification:_identify(real_ifarlab_gripper_moveit_config) by extensions ['colcon_meta']
[0.206s] Level 1:colcon.colcon_core.package_identification:_identify(real_ifarlab_gripper_moveit_config) by extension 'colcon_meta'
[0.206s] Level 1:colcon.colcon_core.package_identification:_identify(real_ifarlab_gripper_moveit_config) by extensions ['ros']
[0.206s] Level 1:colcon.colcon_core.package_identification:_identify(real_ifarlab_gripper_moveit_config) by extension 'ros'
[0.207s] DEBUG:colcon.colcon_core.package_identification:Package 'real_ifarlab_gripper_moveit_config' with type 'ros.ament_cmake' and name 'real_ifarlab_gripper_moveit_config'
[0.207s] Level 1:colcon.colcon_core.package_identification:_identify(real_ifarlab_moveit_config) by extensions ['ignore', 'ignore_ament_install']
[0.207s] Level 1:colcon.colcon_core.package_identification:_identify(real_ifarlab_moveit_config) by extension 'ignore'
[0.207s] Level 1:colcon.colcon_core.package_identification:_identify(real_ifarlab_moveit_config) by extension 'ignore_ament_install'
[0.207s] Level 1:colcon.colcon_core.package_identification:_identify(real_ifarlab_moveit_config) by extensions ['colcon_pkg']
[0.207s] Level 1:colcon.colcon_core.package_identification:_identify(real_ifarlab_moveit_config) by extension 'colcon_pkg'
[0.207s] Level 1:colcon.colcon_core.package_identification:_identify(real_ifarlab_moveit_config) by extensions ['colcon_meta']
[0.207s] Level 1:colcon.colcon_core.package_identification:_identify(real_ifarlab_moveit_config) by extension 'colcon_meta'
[0.207s] Level 1:colcon.colcon_core.package_identification:_identify(real_ifarlab_moveit_config) by extensions ['ros']
[0.207s] Level 1:colcon.colcon_core.package_identification:_identify(real_ifarlab_moveit_config) by extension 'ros'
[0.207s] DEBUG:colcon.colcon_core.package_identification:Package 'real_ifarlab_moveit_config' with type 'ros.ament_cmake' and name 'real_ifarlab_moveit_config'
[0.207s] Level 1:colcon.colcon_core.package_identification:_identify(real_ifarlab_vacuum_moveit_config) by extensions ['ignore', 'ignore_ament_install']
[0.207s] Level 1:colcon.colcon_core.package_identification:_identify(real_ifarlab_vacuum_moveit_config) by extension 'ignore'
[0.208s] Level 1:colcon.colcon_core.package_identification:_identify(real_ifarlab_vacuum_moveit_config) by extension 'ignore_ament_install'
[0.208s] Level 1:colcon.colcon_core.package_identification:_identify(real_ifarlab_vacuum_moveit_config) by extensions ['colcon_pkg']
[0.208s] Level 1:colcon.colcon_core.package_identification:_identify(real_ifarlab_vacuum_moveit_config) by extension 'colcon_pkg'
[0.208s] Level 1:colcon.colcon_core.package_identification:_identify(real_ifarlab_vacuum_moveit_config) by extensions ['colcon_meta']
[0.208s] Level 1:colcon.colcon_core.package_identification:_identify(real_ifarlab_vacuum_moveit_config) by extension 'colcon_meta'
[0.208s] Level 1:colcon.colcon_core.package_identification:_identify(real_ifarlab_vacuum_moveit_config) by extensions ['ros']
[0.208s] Level 1:colcon.colcon_core.package_identification:_identify(real_ifarlab_vacuum_moveit_config) by extension 'ros'
[0.208s] DEBUG:colcon.colcon_core.package_identification:Package 'real_ifarlab_vacuum_moveit_config' with type 'ros.ament_cmake' and name 'real_ifarlab_vacuum_moveit_config'
[0.208s] Level 1:colcon.colcon_core.package_identification:_identify(ros2_kafka_bridge) by extensions ['ignore', 'ignore_ament_install']
[0.208s] Level 1:colcon.colcon_core.package_identification:_identify(ros2_kafka_bridge) by extension 'ignore'
[0.208s] Level 1:colcon.colcon_core.package_identification:_identify(ros2_kafka_bridge) by extension 'ignore_ament_install'
[0.208s] Level 1:colcon.colcon_core.package_identification:_identify(ros2_kafka_bridge) by extensions ['colcon_pkg']
[0.208s] Level 1:colcon.colcon_core.package_identification:_identify(ros2_kafka_bridge) by extension 'colcon_pkg'
[0.208s] Level 1:colcon.colcon_core.package_identification:_identify(ros2_kafka_bridge) by extensions ['colcon_meta']
[0.208s] Level 1:colcon.colcon_core.package_identification:_identify(ros2_kafka_bridge) by extension 'colcon_meta'
[0.208s] Level 1:colcon.colcon_core.package_identification:_identify(ros2_kafka_bridge) by extensions ['ros']
[0.208s] Level 1:colcon.colcon_core.package_identification:_identify(ros2_kafka_bridge) by extension 'ros'
[0.209s] DEBUG:colcon.colcon_core.package_identification:Package 'ros2_kafka_bridge' with type 'ros.ament_python' and name 'ros2_kafka_bridge'
[0.209s] Level 1:colcon.colcon_core.package_identification:_identify(ros_gz) by extensions ['ignore', 'ignore_ament_install']
[0.209s] Level 1:colcon.colcon_core.package_identification:_identify(ros_gz) by extension 'ignore'
[0.209s] Level 1:colcon.colcon_core.package_identification:_identify(ros_gz) by extension 'ignore_ament_install'
[0.209s] Level 1:colcon.colcon_core.package_identification:_identify(ros_gz) by extensions ['colcon_pkg']
[0.209s] Level 1:colcon.colcon_core.package_identification:_identify(ros_gz) by extension 'colcon_pkg'
[0.209s] Level 1:colcon.colcon_core.package_identification:_identify(ros_gz) by extensions ['colcon_meta']
[0.209s] Level 1:colcon.colcon_core.package_identification:_identify(ros_gz) by extension 'colcon_meta'
[0.209s] Level 1:colcon.colcon_core.package_identification:_identify(ros_gz) by extensions ['ros']
[0.209s] Level 1:colcon.colcon_core.package_identification:_identify(ros_gz) by extension 'ros'
[0.209s] Level 1:colcon.colcon_core.package_identification:_identify(ros_gz) by extensions ['cmake', 'python']
[0.209s] Level 1:colcon.colcon_core.package_identification:_identify(ros_gz) by extension 'cmake'
[0.209s] Level 1:colcon.colcon_core.package_identification:_identify(ros_gz) by extension 'python'
[0.209s] Level 1:colcon.colcon_core.package_identification:_identify(ros_gz) by extensions ['python_setup_py']
[0.209s] Level 1:colcon.colcon_core.package_identification:_identify(ros_gz) by extension 'python_setup_py'
[0.209s] Level 1:colcon.colcon_core.package_identification:_identify(ros_gz/ros_gz) by extensions ['ignore', 'ignore_ament_install']
[0.209s] Level 1:colcon.colcon_core.package_identification:_identify(ros_gz/ros_gz) by extension 'ignore'
[0.209s] Level 1:colcon.colcon_core.package_identification:_identify(ros_gz/ros_gz) by extension 'ignore_ament_install'
[0.209s] Level 1:colcon.colcon_core.package_identification:_identify(ros_gz/ros_gz) by extensions ['colcon_pkg']
[0.209s] Level 1:colcon.colcon_core.package_identification:_identify(ros_gz/ros_gz) by extension 'colcon_pkg'
[0.209s] Level 1:colcon.colcon_core.package_identification:_identify(ros_gz/ros_gz) by extensions ['colcon_meta']
[0.209s] Level 1:colcon.colcon_core.package_identification:_identify(ros_gz/ros_gz) by extension 'colcon_meta'
[0.209s] Level 1:colcon.colcon_core.package_identification:_identify(ros_gz/ros_gz) by extensions ['ros']
[0.209s] Level 1:colcon.colcon_core.package_identification:_identify(ros_gz/ros_gz) by extension 'ros'
[0.209s] DEBUG:colcon.colcon_core.package_identification:Package 'ros_gz/ros_gz' with type 'ros.ament_cmake' and name 'ros_gz'
[0.209s] Level 1:colcon.colcon_core.package_identification:_identify(ros_gz/ros_gz_bridge) by extensions ['ignore', 'ignore_ament_install']
[0.210s] Level 1:colcon.colcon_core.package_identification:_identify(ros_gz/ros_gz_bridge) by extension 'ignore'
[0.210s] Level 1:colcon.colcon_core.package_identification:_identify(ros_gz/ros_gz_bridge) by extension 'ignore_ament_install'
[0.210s] Level 1:colcon.colcon_core.package_identification:_identify(ros_gz/ros_gz_bridge) by extensions ['colcon_pkg']
[0.210s] Level 1:colcon.colcon_core.package_identification:_identify(ros_gz/ros_gz_bridge) by extension 'colcon_pkg'
[0.210s] Level 1:colcon.colcon_core.package_identification:_identify(ros_gz/ros_gz_bridge) by extensions ['colcon_meta']
[0.210s] Level 1:colcon.colcon_core.package_identification:_identify(ros_gz/ros_gz_bridge) by extension 'colcon_meta'
[0.210s] Level 1:colcon.colcon_core.package_identification:_identify(ros_gz/ros_gz_bridge) by extensions ['ros']
[0.210s] Level 1:colcon.colcon_core.package_identification:_identify(ros_gz/ros_gz_bridge) by extension 'ros'
[0.217s] DEBUG:colcon.colcon_core.package_identification:Package 'ros_gz/ros_gz_bridge' with type 'ros.ament_cmake' and name 'ros_gz_bridge'
[0.217s] Level 1:colcon.colcon_core.package_identification:_identify(ros_gz/ros_gz_image) by extensions ['ignore', 'ignore_ament_install']
[0.217s] Level 1:colcon.colcon_core.package_identification:_identify(ros_gz/ros_gz_image) by extension 'ignore'
[0.217s] Level 1:colcon.colcon_core.package_identification:_identify(ros_gz/ros_gz_image) by extension 'ignore_ament_install'
[0.217s] Level 1:colcon.colcon_core.package_identification:_identify(ros_gz/ros_gz_image) by extensions ['colcon_pkg']
[0.217s] Level 1:colcon.colcon_core.package_identification:_identify(ros_gz/ros_gz_image) by extension 'colcon_pkg'
[0.217s] Level 1:colcon.colcon_core.package_identification:_identify(ros_gz/ros_gz_image) by extensions ['colcon_meta']
[0.217s] Level 1:colcon.colcon_core.package_identification:_identify(ros_gz/ros_gz_image) by extension 'colcon_meta'
[0.217s] Level 1:colcon.colcon_core.package_identification:_identify(ros_gz/ros_gz_image) by extensions ['ros']
[0.217s] Level 1:colcon.colcon_core.package_identification:_identify(ros_gz/ros_gz_image) by extension 'ros'
[0.224s] DEBUG:colcon.colcon_core.package_identification:Package 'ros_gz/ros_gz_image' with type 'ros.ament_cmake' and name 'ros_gz_image'
[0.224s] Level 1:colcon.colcon_core.package_identification:_identify(ros_gz/ros_gz_interfaces) by extensions ['ignore', 'ignore_ament_install']
[0.224s] Level 1:colcon.colcon_core.package_identification:_identify(ros_gz/ros_gz_interfaces) by extension 'ignore'
[0.224s] Level 1:colcon.colcon_core.package_identification:_identify(ros_gz/ros_gz_interfaces) by extension 'ignore_ament_install'
[0.224s] Level 1:colcon.colcon_core.package_identification:_identify(ros_gz/ros_gz_interfaces) by extensions ['colcon_pkg']
[0.224s] Level 1:colcon.colcon_core.package_identification:_identify(ros_gz/ros_gz_interfaces) by extension 'colcon_pkg'
[0.224s] Level 1:colcon.colcon_core.package_identification:_identify(ros_gz/ros_gz_interfaces) by extensions ['colcon_meta']
[0.224s] Level 1:colcon.colcon_core.package_identification:_identify(ros_gz/ros_gz_interfaces) by extension 'colcon_meta'
[0.225s] Level 1:colcon.colcon_core.package_identification:_identify(ros_gz/ros_gz_interfaces) by extensions ['ros']
[0.225s] Level 1:colcon.colcon_core.package_identification:_identify(ros_gz/ros_gz_interfaces) by extension 'ros'
[0.225s] DEBUG:colcon.colcon_core.package_identification:Package 'ros_gz/ros_gz_interfaces' with type 'ros.ament_cmake' and name 'ros_gz_interfaces'
[0.225s] Level 1:colcon.colcon_core.package_identification:_identify(ros_gz/ros_gz_point_cloud) by extensions ['ignore', 'ignore_ament_install']
[0.225s] Level 1:colcon.colcon_core.package_identification:_identify(ros_gz/ros_gz_point_cloud) by extension 'ignore'
[0.225s] Level 1:colcon.colcon_core.package_identification:_identify(ros_gz/ros_gz_point_cloud) ignored
[0.225s] Level 1:colcon.colcon_core.package_identification:_identify(ros_gz/ros_gz_sim) by extensions ['ignore', 'ignore_ament_install']
[0.225s] Level 1:colcon.colcon_core.package_identification:_identify(ros_gz/ros_gz_sim) by extension 'ignore'
[0.225s] Level 1:colcon.colcon_core.package_identification:_identify(ros_gz/ros_gz_sim) by extension 'ignore_ament_install'
[0.225s] Level 1:colcon.colcon_core.package_identification:_identify(ros_gz/ros_gz_sim) by extensions ['colcon_pkg']
[0.225s] Level 1:colcon.colcon_core.package_identification:_identify(ros_gz/ros_gz_sim) by extension 'colcon_pkg'
[0.225s] Level 1:colcon.colcon_core.package_identification:_identify(ros_gz/ros_gz_sim) by extensions ['colcon_meta']
[0.225s] Level 1:colcon.colcon_core.package_identification:_identify(ros_gz/ros_gz_sim) by extension 'colcon_meta'
[0.225s] Level 1:colcon.colcon_core.package_identification:_identify(ros_gz/ros_gz_sim) by extensions ['ros']
[0.225s] Level 1:colcon.colcon_core.package_identification:_identify(ros_gz/ros_gz_sim) by extension 'ros'
[0.233s] DEBUG:colcon.colcon_core.package_identification:Package 'ros_gz/ros_gz_sim' with type 'ros.ament_cmake' and name 'ros_gz_sim'
[0.233s] Level 1:colcon.colcon_core.package_identification:_identify(ros_gz/ros_gz_sim_demos) by extensions ['ignore', 'ignore_ament_install']
[0.233s] Level 1:colcon.colcon_core.package_identification:_identify(ros_gz/ros_gz_sim_demos) by extension 'ignore'
[0.233s] Level 1:colcon.colcon_core.package_identification:_identify(ros_gz/ros_gz_sim_demos) by extension 'ignore_ament_install'
[0.233s] Level 1:colcon.colcon_core.package_identification:_identify(ros_gz/ros_gz_sim_demos) by extensions ['colcon_pkg']
[0.233s] Level 1:colcon.colcon_core.package_identification:_identify(ros_gz/ros_gz_sim_demos) by extension 'colcon_pkg'
[0.233s] Level 1:colcon.colcon_core.package_identification:_identify(ros_gz/ros_gz_sim_demos) by extensions ['colcon_meta']
[0.233s] Level 1:colcon.colcon_core.package_identification:_identify(ros_gz/ros_gz_sim_demos) by extension 'colcon_meta'
[0.233s] Level 1:colcon.colcon_core.package_identification:_identify(ros_gz/ros_gz_sim_demos) by extensions ['ros']
[0.233s] Level 1:colcon.colcon_core.package_identification:_identify(ros_gz/ros_gz_sim_demos) by extension 'ros'
[0.235s] DEBUG:colcon.colcon_core.package_identification:Package 'ros_gz/ros_gz_sim_demos' with type 'ros.ament_cmake' and name 'ros_gz_sim_demos'
[0.235s] Level 1:colcon.colcon_core.package_identification:_identify(ros_gz/ros_ign) by extensions ['ignore', 'ignore_ament_install']
[0.235s] Level 1:colcon.colcon_core.package_identification:_identify(ros_gz/ros_ign) by extension 'ignore'
[0.235s] Level 1:colcon.colcon_core.package_identification:_identify(ros_gz/ros_ign) by extension 'ignore_ament_install'
[0.235s] Level 1:colcon.colcon_core.package_identification:_identify(ros_gz/ros_ign) by extensions ['colcon_pkg']
[0.235s] Level 1:colcon.colcon_core.package_identification:_identify(ros_gz/ros_ign) by extension 'colcon_pkg'
[0.235s] Level 1:colcon.colcon_core.package_identification:_identify(ros_gz/ros_ign) by extensions ['colcon_meta']
[0.235s] Level 1:colcon.colcon_core.package_identification:_identify(ros_gz/ros_ign) by extension 'colcon_meta'
[0.235s] Level 1:colcon.colcon_core.package_identification:_identify(ros_gz/ros_ign) by extensions ['ros']
[0.235s] Level 1:colcon.colcon_core.package_identification:_identify(ros_gz/ros_ign) by extension 'ros'
[0.235s] DEBUG:colcon.colcon_core.package_identification:Package 'ros_gz/ros_ign' with type 'ros.ament_cmake' and name 'ros_ign'
[0.235s] Level 1:colcon.colcon_core.package_identification:_identify(ros_gz/ros_ign_bridge) by extensions ['ignore', 'ignore_ament_install']
[0.235s] Level 1:colcon.colcon_core.package_identification:_identify(ros_gz/ros_ign_bridge) by extension 'ignore'
[0.235s] Level 1:colcon.colcon_core.package_identification:_identify(ros_gz/ros_ign_bridge) by extension 'ignore_ament_install'
[0.235s] Level 1:colcon.colcon_core.package_identification:_identify(ros_gz/ros_ign_bridge) by extensions ['colcon_pkg']
[0.235s] Level 1:colcon.colcon_core.package_identification:_identify(ros_gz/ros_ign_bridge) by extension 'colcon_pkg'
[0.235s] Level 1:colcon.colcon_core.package_identification:_identify(ros_gz/ros_ign_bridge) by extensions ['colcon_meta']
[0.236s] Level 1:colcon.colcon_core.package_identification:_identify(ros_gz/ros_ign_bridge) by extension 'colcon_meta'
[0.236s] Level 1:colcon.colcon_core.package_identification:_identify(ros_gz/ros_ign_bridge) by extensions ['ros']
[0.236s] Level 1:colcon.colcon_core.package_identification:_identify(ros_gz/ros_ign_bridge) by extension 'ros'
[0.236s] DEBUG:colcon.colcon_core.package_identification:Package 'ros_gz/ros_ign_bridge' with type 'ros.ament_cmake' and name 'ros_ign_bridge'
[0.236s] Level 1:colcon.colcon_core.package_identification:_identify(ros_gz/ros_ign_gazebo) by extensions ['ignore', 'ignore_ament_install']
[0.236s] Level 1:colcon.colcon_core.package_identification:_identify(ros_gz/ros_ign_gazebo) by extension 'ignore'
[0.236s] Level 1:colcon.colcon_core.package_identification:_identify(ros_gz/ros_ign_gazebo) by extension 'ignore_ament_install'
[0.236s] Level 1:colcon.colcon_core.package_identification:_identify(ros_gz/ros_ign_gazebo) by extensions ['colcon_pkg']
[0.236s] Level 1:colcon.colcon_core.package_identification:_identify(ros_gz/ros_ign_gazebo) by extension 'colcon_pkg'
[0.236s] Level 1:colcon.colcon_core.package_identification:_identify(ros_gz/ros_ign_gazebo) by extensions ['colcon_meta']
[0.236s] Level 1:colcon.colcon_core.package_identification:_identify(ros_gz/ros_ign_gazebo) by extension 'colcon_meta'
[0.236s] Level 1:colcon.colcon_core.package_identification:_identify(ros_gz/ros_ign_gazebo) by extensions ['ros']
[0.236s] Level 1:colcon.colcon_core.package_identification:_identify(ros_gz/ros_ign_gazebo) by extension 'ros'
[0.236s] DEBUG:colcon.colcon_core.package_identification:Package 'ros_gz/ros_ign_gazebo' with type 'ros.ament_cmake' and name 'ros_ign_gazebo'
[0.236s] Level 1:colcon.colcon_core.package_identification:_identify(ros_gz/ros_ign_gazebo_demos) by extensions ['ignore', 'ignore_ament_install']
[0.236s] Level 1:colcon.colcon_core.package_identification:_identify(ros_gz/ros_ign_gazebo_demos) by extension 'ignore'
[0.236s] Level 1:colcon.colcon_core.package_identification:_identify(ros_gz/ros_ign_gazebo_demos) by extension 'ignore_ament_install'
[0.237s] Level 1:colcon.colcon_core.package_identification:_identify(ros_gz/ros_ign_gazebo_demos) by extensions ['colcon_pkg']
[0.237s] Level 1:colcon.colcon_core.package_identification:_identify(ros_gz/ros_ign_gazebo_demos) by extension 'colcon_pkg'
[0.237s] Level 1:colcon.colcon_core.package_identification:_identify(ros_gz/ros_ign_gazebo_demos) by extensions ['colcon_meta']
[0.237s] Level 1:colcon.colcon_core.package_identification:_identify(ros_gz/ros_ign_gazebo_demos) by extension 'colcon_meta'
[0.237s] Level 1:colcon.colcon_core.package_identification:_identify(ros_gz/ros_ign_gazebo_demos) by extensions ['ros']
[0.237s] Level 1:colcon.colcon_core.package_identification:_identify(ros_gz/ros_ign_gazebo_demos) by extension 'ros'
[0.237s] DEBUG:colcon.colcon_core.package_identification:Package 'ros_gz/ros_ign_gazebo_demos' with type 'ros.ament_cmake' and name 'ros_ign_gazebo_demos'
[0.237s] Level 1:colcon.colcon_core.package_identification:_identify(ros_gz/ros_ign_image) by extensions ['ignore', 'ignore_ament_install']
[0.237s] Level 1:colcon.colcon_core.package_identification:_identify(ros_gz/ros_ign_image) by extension 'ignore'
[0.237s] Level 1:colcon.colcon_core.package_identification:_identify(ros_gz/ros_ign_image) by extension 'ignore_ament_install'
[0.237s] Level 1:colcon.colcon_core.package_identification:_identify(ros_gz/ros_ign_image) by extensions ['colcon_pkg']
[0.237s] Level 1:colcon.colcon_core.package_identification:_identify(ros_gz/ros_ign_image) by extension 'colcon_pkg'
[0.237s] Level 1:colcon.colcon_core.package_identification:_identify(ros_gz/ros_ign_image) by extensions ['colcon_meta']
[0.237s] Level 1:colcon.colcon_core.package_identification:_identify(ros_gz/ros_ign_image) by extension 'colcon_meta'
[0.237s] Level 1:colcon.colcon_core.package_identification:_identify(ros_gz/ros_ign_image) by extensions ['ros']
[0.237s] Level 1:colcon.colcon_core.package_identification:_identify(ros_gz/ros_ign_image) by extension 'ros'
[0.237s] DEBUG:colcon.colcon_core.package_identification:Package 'ros_gz/ros_ign_image' with type 'ros.ament_cmake' and name 'ros_ign_image'
[0.237s] Level 1:colcon.colcon_core.package_identification:_identify(ros_gz/ros_ign_interfaces) by extensions ['ignore', 'ignore_ament_install']
[0.237s] Level 1:colcon.colcon_core.package_identification:_identify(ros_gz/ros_ign_interfaces) by extension 'ignore'
[0.237s] Level 1:colcon.colcon_core.package_identification:_identify(ros_gz/ros_ign_interfaces) by extension 'ignore_ament_install'
[0.238s] Level 1:colcon.colcon_core.package_identification:_identify(ros_gz/ros_ign_interfaces) by extensions ['colcon_pkg']
[0.238s] Level 1:colcon.colcon_core.package_identification:_identify(ros_gz/ros_ign_interfaces) by extension 'colcon_pkg'
[0.238s] Level 1:colcon.colcon_core.package_identification:_identify(ros_gz/ros_ign_interfaces) by extensions ['colcon_meta']
[0.238s] Level 1:colcon.colcon_core.package_identification:_identify(ros_gz/ros_ign_interfaces) by extension 'colcon_meta'
[0.238s] Level 1:colcon.colcon_core.package_identification:_identify(ros_gz/ros_ign_interfaces) by extensions ['ros']
[0.238s] Level 1:colcon.colcon_core.package_identification:_identify(ros_gz/ros_ign_interfaces) by extension 'ros'
[0.238s] DEBUG:colcon.colcon_core.package_identification:Package 'ros_gz/ros_ign_interfaces' with type 'ros.ament_cmake' and name 'ros_ign_interfaces'
[0.238s] Level 1:colcon.colcon_core.package_identification:_identify(ros_gz/test_ros_gz_bridge) by extensions ['ignore', 'ignore_ament_install']
[0.238s] Level 1:colcon.colcon_core.package_identification:_identify(ros_gz/test_ros_gz_bridge) by extension 'ignore'
[0.238s] Level 1:colcon.colcon_core.package_identification:_identify(ros_gz/test_ros_gz_bridge) by extension 'ignore_ament_install'
[0.238s] Level 1:colcon.colcon_core.package_identification:_identify(ros_gz/test_ros_gz_bridge) by extensions ['colcon_pkg']
[0.238s] Level 1:colcon.colcon_core.package_identification:_identify(ros_gz/test_ros_gz_bridge) by extension 'colcon_pkg'
[0.238s] Level 1:colcon.colcon_core.package_identification:_identify(ros_gz/test_ros_gz_bridge) by extensions ['colcon_meta']
[0.238s] Level 1:colcon.colcon_core.package_identification:_identify(ros_gz/test_ros_gz_bridge) by extension 'colcon_meta'
[0.238s] Level 1:colcon.colcon_core.package_identification:_identify(ros_gz/test_ros_gz_bridge) by extensions ['ros']
[0.238s] Level 1:colcon.colcon_core.package_identification:_identify(ros_gz/test_ros_gz_bridge) by extension 'ros'
[0.239s] DEBUG:colcon.colcon_core.package_identification:Package 'ros_gz/test_ros_gz_bridge' with type 'ros.ament_cmake' and name 'test_ros_gz_bridge'
[0.239s] Level 1:colcon.colcon_core.package_identification:_identify(ros_gz/tools) by extensions ['ignore', 'ignore_ament_install']
[0.239s] Level 1:colcon.colcon_core.package_identification:_identify(ros_gz/tools) by extension 'ignore'
[0.239s] Level 1:colcon.colcon_core.package_identification:_identify(ros_gz/tools) by extension 'ignore_ament_install'
[0.239s] Level 1:colcon.colcon_core.package_identification:_identify(ros_gz/tools) by extensions ['colcon_pkg']
[0.239s] Level 1:colcon.colcon_core.package_identification:_identify(ros_gz/tools) by extension 'colcon_pkg'
[0.239s] Level 1:colcon.colcon_core.package_identification:_identify(ros_gz/tools) by extensions ['colcon_meta']
[0.239s] Level 1:colcon.colcon_core.package_identification:_identify(ros_gz/tools) by extension 'colcon_meta'
[0.239s] Level 1:colcon.colcon_core.package_identification:_identify(ros_gz/tools) by extensions ['ros']
[0.239s] Level 1:colcon.colcon_core.package_identification:_identify(ros_gz/tools) by extension 'ros'
[0.239s] Level 1:colcon.colcon_core.package_identification:_identify(ros_gz/tools) by extensions ['cmake', 'python']
[0.239s] Level 1:colcon.colcon_core.package_identification:_identify(ros_gz/tools) by extension 'cmake'
[0.239s] Level 1:colcon.colcon_core.package_identification:_identify(ros_gz/tools) by extension 'python'
[0.239s] Level 1:colcon.colcon_core.package_identification:_identify(ros_gz/tools) by extensions ['python_setup_py']
[0.239s] Level 1:colcon.colcon_core.package_identification:_identify(ros_gz/tools) by extension 'python_setup_py'
[0.239s] Level 1:colcon.colcon_core.package_identification:_identify(rs005l_controller) by extensions ['ignore', 'ignore_ament_install']
[0.239s] Level 1:colcon.colcon_core.package_identification:_identify(rs005l_controller) by extension 'ignore'
[0.239s] Level 1:colcon.colcon_core.package_identification:_identify(rs005l_controller) by extension 'ignore_ament_install'
[0.239s] Level 1:colcon.colcon_core.package_identification:_identify(rs005l_controller) by extensions ['colcon_pkg']
[0.239s] Level 1:colcon.colcon_core.package_identification:_identify(rs005l_controller) by extension 'colcon_pkg'
[0.239s] Level 1:colcon.colcon_core.package_identification:_identify(rs005l_controller) by extensions ['colcon_meta']
[0.239s] Level 1:colcon.colcon_core.package_identification:_identify(rs005l_controller) by extension 'colcon_meta'
[0.239s] Level 1:colcon.colcon_core.package_identification:_identify(rs005l_controller) by extensions ['ros']
[0.239s] Level 1:colcon.colcon_core.package_identification:_identify(rs005l_controller) by extension 'ros'
[0.239s] DEBUG:colcon.colcon_core.package_identification:Package 'rs005l_controller' with type 'ros.ament_python' and name 'rs005l_controller'
[0.240s] Level 1:colcon.colcon_core.package_identification:_identify(rs005l_description) by extensions ['ignore', 'ignore_ament_install']
[0.240s] Level 1:colcon.colcon_core.package_identification:_identify(rs005l_description) by extension 'ignore'
[0.240s] Level 1:colcon.colcon_core.package_identification:_identify(rs005l_description) by extension 'ignore_ament_install'
[0.240s] Level 1:colcon.colcon_core.package_identification:_identify(rs005l_description) by extensions ['colcon_pkg']
[0.240s] Level 1:colcon.colcon_core.package_identification:_identify(rs005l_description) by extension 'colcon_pkg'
[0.240s] Level 1:colcon.colcon_core.package_identification:_identify(rs005l_description) by extensions ['colcon_meta']
[0.240s] Level 1:colcon.colcon_core.package_identification:_identify(rs005l_description) by extension 'colcon_meta'
[0.240s] Level 1:colcon.colcon_core.package_identification:_identify(rs005l_description) by extensions ['ros']
[0.240s] Level 1:colcon.colcon_core.package_identification:_identify(rs005l_description) by extension 'ros'
[0.240s] DEBUG:colcon.colcon_core.package_identification:Package 'rs005l_description' with type 'ros.ament_cmake' and name 'rs005l_description'
[0.240s] Level 1:colcon.colcon_core.package_identification:_identify(rs005l_gazebo) by extensions ['ignore', 'ignore_ament_install']
[0.240s] Level 1:colcon.colcon_core.package_identification:_identify(rs005l_gazebo) by extension 'ignore'
[0.240s] Level 1:colcon.colcon_core.package_identification:_identify(rs005l_gazebo) by extension 'ignore_ament_install'
[0.240s] Level 1:colcon.colcon_core.package_identification:_identify(rs005l_gazebo) by extensions ['colcon_pkg']
[0.240s] Level 1:colcon.colcon_core.package_identification:_identify(rs005l_gazebo) by extension 'colcon_pkg'
[0.240s] Level 1:colcon.colcon_core.package_identification:_identify(rs005l_gazebo) by extensions ['colcon_meta']
[0.240s] Level 1:colcon.colcon_core.package_identification:_identify(rs005l_gazebo) by extension 'colcon_meta'
[0.240s] Level 1:colcon.colcon_core.package_identification:_identify(rs005l_gazebo) by extensions ['ros']
[0.240s] Level 1:colcon.colcon_core.package_identification:_identify(rs005l_gazebo) by extension 'ros'
[0.241s] DEBUG:colcon.colcon_core.package_identification:Package 'rs005l_gazebo' with type 'ros.ament_cmake' and name 'rs005l_gazebo'
[0.241s] Level 1:colcon.colcon_core.package_identification:_identify(sick_visionary_ros) by extensions ['ignore', 'ignore_ament_install']
[0.241s] Level 1:colcon.colcon_core.package_identification:_identify(sick_visionary_ros) by extension 'ignore'
[0.241s] Level 1:colcon.colcon_core.package_identification:_identify(sick_visionary_ros) by extension 'ignore_ament_install'
[0.241s] Level 1:colcon.colcon_core.package_identification:_identify(sick_visionary_ros) by extensions ['colcon_pkg']
[0.241s] Level 1:colcon.colcon_core.package_identification:_identify(sick_visionary_ros) by extension 'colcon_pkg'
[0.241s] Level 1:colcon.colcon_core.package_identification:_identify(sick_visionary_ros) by extensions ['colcon_meta']
[0.241s] Level 1:colcon.colcon_core.package_identification:_identify(sick_visionary_ros) by extension 'colcon_meta'
[0.241s] Level 1:colcon.colcon_core.package_identification:_identify(sick_visionary_ros) by extensions ['ros']
[0.241s] Level 1:colcon.colcon_core.package_identification:_identify(sick_visionary_ros) by extension 'ros'
[0.241s] DEBUG:colcon.colcon_core.package_identification:Package 'sick_visionary_ros' with type 'ros.ament_cmake' and name 'sick_visionary_ros'
[0.242s] Level 1:colcon.colcon_core.package_identification:_identify(sir_robot_ros_interface) by extensions ['ignore', 'ignore_ament_install']
[0.242s] Level 1:colcon.colcon_core.package_identification:_identify(sir_robot_ros_interface) by extension 'ignore'
[0.242s] Level 1:colcon.colcon_core.package_identification:_identify(sir_robot_ros_interface) by extension 'ignore_ament_install'
[0.242s] Level 1:colcon.colcon_core.package_identification:_identify(sir_robot_ros_interface) by extensions ['colcon_pkg']
[0.242s] Level 1:colcon.colcon_core.package_identification:_identify(sir_robot_ros_interface) by extension 'colcon_pkg'
[0.242s] Level 1:colcon.colcon_core.package_identification:_identify(sir_robot_ros_interface) by extensions ['colcon_meta']
[0.242s] Level 1:colcon.colcon_core.package_identification:_identify(sir_robot_ros_interface) by extension 'colcon_meta'
[0.242s] Level 1:colcon.colcon_core.package_identification:_identify(sir_robot_ros_interface) by extensions ['ros']
[0.242s] Level 1:colcon.colcon_core.package_identification:_identify(sir_robot_ros_interface) by extension 'ros'
[0.242s] Level 1:colcon.colcon_core.package_identification:_identify(sir_robot_ros_interface) by extensions ['cmake', 'python']
[0.242s] Level 1:colcon.colcon_core.package_identification:_identify(sir_robot_ros_interface) by extension 'cmake'
[0.242s] Level 1:colcon.colcon_core.package_identification:_identify(sir_robot_ros_interface) by extension 'python'
[0.242s] Level 1:colcon.colcon_core.package_identification:_identify(sir_robot_ros_interface) by extensions ['python_setup_py']
[0.242s] Level 1:colcon.colcon_core.package_identification:_identify(sir_robot_ros_interface) by extension 'python_setup_py'
[0.242s] Level 1:colcon.colcon_core.package_identification:_identify(sir_robot_ros_interface/agv_msgs) by extensions ['ignore', 'ignore_ament_install']
[0.242s] Level 1:colcon.colcon_core.package_identification:_identify(sir_robot_ros_interface/agv_msgs) by extension 'ignore'
[0.242s] Level 1:colcon.colcon_core.package_identification:_identify(sir_robot_ros_interface/agv_msgs) by extension 'ignore_ament_install'
[0.242s] Level 1:colcon.colcon_core.package_identification:_identify(sir_robot_ros_interface/agv_msgs) by extensions ['colcon_pkg']
[0.242s] Level 1:colcon.colcon_core.package_identification:_identify(sir_robot_ros_interface/agv_msgs) by extension 'colcon_pkg'
[0.242s] Level 1:colcon.colcon_core.package_identification:_identify(sir_robot_ros_interface/agv_msgs) by extensions ['colcon_meta']
[0.242s] Level 1:colcon.colcon_core.package_identification:_identify(sir_robot_ros_interface/agv_msgs) by extension 'colcon_meta'
[0.242s] Level 1:colcon.colcon_core.package_identification:_identify(sir_robot_ros_interface/agv_msgs) by extensions ['ros']
[0.242s] Level 1:colcon.colcon_core.package_identification:_identify(sir_robot_ros_interface/agv_msgs) by extension 'ros'
[0.242s] DEBUG:colcon.colcon_core.package_identification:Package 'sir_robot_ros_interface/agv_msgs' with type 'ros.ament_cmake' and name 'agv_msgs'
[0.242s] Level 1:colcon.colcon_core.package_identification:_identify(sir_robot_ros_interface/sir_robot_ros_interface) by extensions ['ignore', 'ignore_ament_install']
[0.242s] Level 1:colcon.colcon_core.package_identification:_identify(sir_robot_ros_interface/sir_robot_ros_interface) by extension 'ignore'
[0.242s] Level 1:colcon.colcon_core.package_identification:_identify(sir_robot_ros_interface/sir_robot_ros_interface) by extension 'ignore_ament_install'
[0.243s] Level 1:colcon.colcon_core.package_identification:_identify(sir_robot_ros_interface/sir_robot_ros_interface) by extensions ['colcon_pkg']
[0.243s] Level 1:colcon.colcon_core.package_identification:_identify(sir_robot_ros_interface/sir_robot_ros_interface) by extension 'colcon_pkg'
[0.243s] Level 1:colcon.colcon_core.package_identification:_identify(sir_robot_ros_interface/sir_robot_ros_interface) by extensions ['colcon_meta']
[0.243s] Level 1:colcon.colcon_core.package_identification:_identify(sir_robot_ros_interface/sir_robot_ros_interface) by extension 'colcon_meta'
[0.243s] Level 1:colcon.colcon_core.package_identification:_identify(sir_robot_ros_interface/sir_robot_ros_interface) by extensions ['ros']
[0.243s] Level 1:colcon.colcon_core.package_identification:_identify(sir_robot_ros_interface/sir_robot_ros_interface) by extension 'ros'
[0.243s] DEBUG:colcon.colcon_core.package_identification:Package 'sir_robot_ros_interface/sir_robot_ros_interface' with type 'ros.ament_cmake' and name 'sir_robot_ros_interface'
[0.243s] Level 1:colcon.colcon_core.package_identification:_identify(user_interface) by extensions ['ignore', 'ignore_ament_install']
[0.243s] Level 1:colcon.colcon_core.package_identification:_identify(user_interface) by extension 'ignore'
[0.243s] Level 1:colcon.colcon_core.package_identification:_identify(user_interface) by extension 'ignore_ament_install'
[0.243s] Level 1:colcon.colcon_core.package_identification:_identify(user_interface) by extensions ['colcon_pkg']
[0.243s] Level 1:colcon.colcon_core.package_identification:_identify(user_interface) by extension 'colcon_pkg'
[0.243s] Level 1:colcon.colcon_core.package_identification:_identify(user_interface) by extensions ['colcon_meta']
[0.243s] Level 1:colcon.colcon_core.package_identification:_identify(user_interface) by extension 'colcon_meta'
[0.243s] Level 1:colcon.colcon_core.package_identification:_identify(user_interface) by extensions ['ros']
[0.243s] Level 1:colcon.colcon_core.package_identification:_identify(user_interface) by extension 'ros'
[0.243s] Level 1:colcon.colcon_core.package_identification:_identify(user_interface) by extensions ['cmake', 'python']
[0.243s] Level 1:colcon.colcon_core.package_identification:_identify(user_interface) by extension 'cmake'
[0.243s] Level 1:colcon.colcon_core.package_identification:_identify(user_interface) by extension 'python'
[0.243s] Level 1:colcon.colcon_core.package_identification:_identify(user_interface) by extensions ['python_setup_py']
[0.243s] Level 1:colcon.colcon_core.package_identification:_identify(user_interface) by extension 'python_setup_py'
[0.244s] Level 1:colcon.colcon_core.package_identification:_identify(user_interface/figures) by extensions ['ignore', 'ignore_ament_install']
[0.244s] Level 1:colcon.colcon_core.package_identification:_identify(user_interface/figures) by extension 'ignore'
[0.244s] Level 1:colcon.colcon_core.package_identification:_identify(user_interface/figures) by extension 'ignore_ament_install'
[0.244s] Level 1:colcon.colcon_core.package_identification:_identify(user_interface/figures) by extensions ['colcon_pkg']
[0.244s] Level 1:colcon.colcon_core.package_identification:_identify(user_interface/figures) by extension 'colcon_pkg'
[0.244s] Level 1:colcon.colcon_core.package_identification:_identify(user_interface/figures) by extensions ['colcon_meta']
[0.244s] Level 1:colcon.colcon_core.package_identification:_identify(user_interface/figures) by extension 'colcon_meta'
[0.244s] Level 1:colcon.colcon_core.package_identification:_identify(user_interface/figures) by extensions ['ros']
[0.244s] Level 1:colcon.colcon_core.package_identification:_identify(user_interface/figures) by extension 'ros'
[0.244s] Level 1:colcon.colcon_core.package_identification:_identify(user_interface/figures) by extensions ['cmake', 'python']
[0.244s] Level 1:colcon.colcon_core.package_identification:_identify(user_interface/figures) by extension 'cmake'
[0.244s] Level 1:colcon.colcon_core.package_identification:_identify(user_interface/figures) by extension 'python'
[0.244s] Level 1:colcon.colcon_core.package_identification:_identify(user_interface/figures) by extensions ['python_setup_py']
[0.244s] Level 1:colcon.colcon_core.package_identification:_identify(user_interface/figures) by extension 'python_setup_py'
[0.244s] Level 1:colcon.colcon_core.package_identification:_identify(user_interface/log) by extensions ['ignore', 'ignore_ament_install']
[0.244s] Level 1:colcon.colcon_core.package_identification:_identify(user_interface/log) by extension 'ignore'
[0.244s] Level 1:colcon.colcon_core.package_identification:_identify(user_interface/log) by extension 'ignore_ament_install'
[0.244s] Level 1:colcon.colcon_core.package_identification:_identify(user_interface/log) by extensions ['colcon_pkg']
[0.244s] Level 1:colcon.colcon_core.package_identification:_identify(user_interface/log) by extension 'colcon_pkg'
[0.244s] Level 1:colcon.colcon_core.package_identification:_identify(user_interface/log) by extensions ['colcon_meta']
[0.244s] Level 1:colcon.colcon_core.package_identification:_identify(user_interface/log) by extension 'colcon_meta'
[0.244s] Level 1:colcon.colcon_core.package_identification:_identify(user_interface/log) by extensions ['ros']
[0.244s] Level 1:colcon.colcon_core.package_identification:_identify(user_interface/log) by extension 'ros'
[0.244s] Level 1:colcon.colcon_core.package_identification:_identify(user_interface/log) by extensions ['cmake', 'python']
[0.244s] Level 1:colcon.colcon_core.package_identification:_identify(user_interface/log) by extension 'cmake'
[0.244s] Level 1:colcon.colcon_core.package_identification:_identify(user_interface/log) by extension 'python'
[0.244s] Level 1:colcon.colcon_core.package_identification:_identify(user_interface/log) by extensions ['python_setup_py']
[0.244s] Level 1:colcon.colcon_core.package_identification:_identify(user_interface/log) by extension 'python_setup_py'
[0.244s] Level 1:colcon.colcon_core.package_identification:_identify(user_interface/static) by extensions ['ignore', 'ignore_ament_install']
[0.244s] Level 1:colcon.colcon_core.package_identification:_identify(user_interface/static) by extension 'ignore'
[0.244s] Level 1:colcon.colcon_core.package_identification:_identify(user_interface/static) by extension 'ignore_ament_install'
[0.244s] Level 1:colcon.colcon_core.package_identification:_identify(user_interface/static) by extensions ['colcon_pkg']
[0.244s] Level 1:colcon.colcon_core.package_identification:_identify(user_interface/static) by extension 'colcon_pkg'
[0.244s] Level 1:colcon.colcon_core.package_identification:_identify(user_interface/static) by extensions ['colcon_meta']
[0.244s] Level 1:colcon.colcon_core.package_identification:_identify(user_interface/static) by extension 'colcon_meta'
[0.244s] Level 1:colcon.colcon_core.package_identification:_identify(user_interface/static) by extensions ['ros']
[0.244s] Level 1:colcon.colcon_core.package_identification:_identify(user_interface/static) by extension 'ros'
[0.244s] Level 1:colcon.colcon_core.package_identification:_identify(user_interface/static) by extensions ['cmake', 'python']
[0.244s] Level 1:colcon.colcon_core.package_identification:_identify(user_interface/static) by extension 'cmake'
[0.244s] Level 1:colcon.colcon_core.package_identification:_identify(user_interface/static) by extension 'python'
[0.244s] Level 1:colcon.colcon_core.package_identification:_identify(user_interface/static) by extensions ['python_setup_py']
[0.244s] Level 1:colcon.colcon_core.package_identification:_identify(user_interface/static) by extension 'python_setup_py'
[0.244s] Level 1:colcon.colcon_core.package_identification:_identify(user_interface/static/css) by extensions ['ignore', 'ignore_ament_install']
[0.244s] Level 1:colcon.colcon_core.package_identification:_identify(user_interface/static/css) by extension 'ignore'
[0.244s] Level 1:colcon.colcon_core.package_identification:_identify(user_interface/static/css) by extension 'ignore_ament_install'
[0.245s] Level 1:colcon.colcon_core.package_identification:_identify(user_interface/static/css) by extensions ['colcon_pkg']
[0.245s] Level 1:colcon.colcon_core.package_identification:_identify(user_interface/static/css) by extension 'colcon_pkg'
[0.245s] Level 1:colcon.colcon_core.package_identification:_identify(user_interface/static/css) by extensions ['colcon_meta']
[0.245s] Level 1:colcon.colcon_core.package_identification:_identify(user_interface/static/css) by extension 'colcon_meta'
[0.245s] Level 1:colcon.colcon_core.package_identification:_identify(user_interface/static/css) by extensions ['ros']
[0.245s] Level 1:colcon.colcon_core.package_identification:_identify(user_interface/static/css) by extension 'ros'
[0.245s] Level 1:colcon.colcon_core.package_identification:_identify(user_interface/static/css) by extensions ['cmake', 'python']
[0.245s] Level 1:colcon.colcon_core.package_identification:_identify(user_interface/static/css) by extension 'cmake'
[0.245s] Level 1:colcon.colcon_core.package_identification:_identify(user_interface/static/css) by extension 'python'
[0.245s] Level 1:colcon.colcon_core.package_identification:_identify(user_interface/static/css) by extensions ['python_setup_py']
[0.245s] Level 1:colcon.colcon_core.package_identification:_identify(user_interface/static/css) by extension 'python_setup_py'
[0.245s] Level 1:colcon.colcon_core.package_identification:_identify(user_interface/static/js) by extensions ['ignore', 'ignore_ament_install']
[0.245s] Level 1:colcon.colcon_core.package_identification:_identify(user_interface/static/js) by extension 'ignore'
[0.245s] Level 1:colcon.colcon_core.package_identification:_identify(user_interface/static/js) by extension 'ignore_ament_install'
[0.245s] Level 1:colcon.colcon_core.package_identification:_identify(user_interface/static/js) by extensions ['colcon_pkg']
[0.245s] Level 1:colcon.colcon_core.package_identification:_identify(user_interface/static/js) by extension 'colcon_pkg'
[0.245s] Level 1:colcon.colcon_core.package_identification:_identify(user_interface/static/js) by extensions ['colcon_meta']
[0.245s] Level 1:colcon.colcon_core.package_identification:_identify(user_interface/static/js) by extension 'colcon_meta'
[0.245s] Level 1:colcon.colcon_core.package_identification:_identify(user_interface/static/js) by extensions ['ros']
[0.245s] Level 1:colcon.colcon_core.package_identification:_identify(user_interface/static/js) by extension 'ros'
[0.245s] Level 1:colcon.colcon_core.package_identification:_identify(user_interface/static/js) by extensions ['cmake', 'python']
[0.245s] Level 1:colcon.colcon_core.package_identification:_identify(user_interface/static/js) by extension 'cmake'
[0.245s] Level 1:colcon.colcon_core.package_identification:_identify(user_interface/static/js) by extension 'python'
[0.245s] Level 1:colcon.colcon_core.package_identification:_identify(user_interface/static/js) by extensions ['python_setup_py']
[0.245s] Level 1:colcon.colcon_core.package_identification:_identify(user_interface/static/js) by extension 'python_setup_py'
[0.245s] Level 1:colcon.colcon_core.package_identification:_identify(user_interface/templates) by extensions ['ignore', 'ignore_ament_install']
[0.245s] Level 1:colcon.colcon_core.package_identification:_identify(user_interface/templates) by extension 'ignore'
[0.245s] Level 1:colcon.colcon_core.package_identification:_identify(user_interface/templates) by extension 'ignore_ament_install'
[0.245s] Level 1:colcon.colcon_core.package_identification:_identify(user_interface/templates) by extensions ['colcon_pkg']
[0.245s] Level 1:colcon.colcon_core.package_identification:_identify(user_interface/templates) by extension 'colcon_pkg'
[0.245s] Level 1:colcon.colcon_core.package_identification:_identify(user_interface/templates) by extensions ['colcon_meta']
[0.245s] Level 1:colcon.colcon_core.package_identification:_identify(user_interface/templates) by extension 'colcon_meta'
[0.245s] Level 1:colcon.colcon_core.package_identification:_identify(user_interface/templates) by extensions ['ros']
[0.245s] Level 1:colcon.colcon_core.package_identification:_identify(user_interface/templates) by extension 'ros'
[0.245s] Level 1:colcon.colcon_core.package_identification:_identify(user_interface/templates) by extensions ['cmake', 'python']
[0.245s] Level 1:colcon.colcon_core.package_identification:_identify(user_interface/templates) by extension 'cmake'
[0.245s] Level 1:colcon.colcon_core.package_identification:_identify(user_interface/templates) by extension 'python'
[0.245s] Level 1:colcon.colcon_core.package_identification:_identify(user_interface/templates) by extensions ['python_setup_py']
[0.245s] Level 1:colcon.colcon_core.package_identification:_identify(user_interface/templates) by extension 'python_setup_py'
[0.245s] Level 1:colcon.colcon_core.package_identification:_identify(vgc10_control) by extensions ['ignore', 'ignore_ament_install']
[0.245s] Level 1:colcon.colcon_core.package_identification:_identify(vgc10_control) by extension 'ignore'
[0.245s] Level 1:colcon.colcon_core.package_identification:_identify(vgc10_control) by extension 'ignore_ament_install'
[0.245s] Level 1:colcon.colcon_core.package_identification:_identify(vgc10_control) by extensions ['colcon_pkg']
[0.245s] Level 1:colcon.colcon_core.package_identification:_identify(vgc10_control) by extension 'colcon_pkg'
[0.246s] Level 1:colcon.colcon_core.package_identification:_identify(vgc10_control) by extensions ['colcon_meta']
[0.246s] Level 1:colcon.colcon_core.package_identification:_identify(vgc10_control) by extension 'colcon_meta'
[0.246s] Level 1:colcon.colcon_core.package_identification:_identify(vgc10_control) by extensions ['ros']
[0.246s] Level 1:colcon.colcon_core.package_identification:_identify(vgc10_control) by extension 'ros'
[0.246s] DEBUG:colcon.colcon_core.package_identification:Package 'vgc10_control' with type 'ros.ament_python' and name 'vgc10_control'
[0.246s] Level 1:colcon.colcon_core.package_identification:_identify(vgc10_description) by extensions ['ignore', 'ignore_ament_install']
[0.246s] Level 1:colcon.colcon_core.package_identification:_identify(vgc10_description) by extension 'ignore'
[0.246s] Level 1:colcon.colcon_core.package_identification:_identify(vgc10_description) by extension 'ignore_ament_install'
[0.246s] Level 1:colcon.colcon_core.package_identification:_identify(vgc10_description) by extensions ['colcon_pkg']
[0.246s] Level 1:colcon.colcon_core.package_identification:_identify(vgc10_description) by extension 'colcon_pkg'
[0.246s] Level 1:colcon.colcon_core.package_identification:_identify(vgc10_description) by extensions ['colcon_meta']
[0.246s] Level 1:colcon.colcon_core.package_identification:_identify(vgc10_description) by extension 'colcon_meta'
[0.246s] Level 1:colcon.colcon_core.package_identification:_identify(vgc10_description) by extensions ['ros']
[0.246s] Level 1:colcon.colcon_core.package_identification:_identify(vgc10_description) by extension 'ros'
[0.247s] DEBUG:colcon.colcon_core.package_identification:Package 'vgc10_description' with type 'ros.ament_cmake' and name 'vgc10_description'
[0.247s] Level 1:colcon.colcon_core.package_identification:_identify(vgc10_modbus_tcp) by extensions ['ignore', 'ignore_ament_install']
[0.247s] Level 1:colcon.colcon_core.package_identification:_identify(vgc10_modbus_tcp) by extension 'ignore'
[0.247s] Level 1:colcon.colcon_core.package_identification:_identify(vgc10_modbus_tcp) by extension 'ignore_ament_install'
[0.247s] Level 1:colcon.colcon_core.package_identification:_identify(vgc10_modbus_tcp) by extensions ['colcon_pkg']
[0.247s] Level 1:colcon.colcon_core.package_identification:_identify(vgc10_modbus_tcp) by extension 'colcon_pkg'
[0.247s] Level 1:colcon.colcon_core.package_identification:_identify(vgc10_modbus_tcp) by extensions ['colcon_meta']
[0.247s] Level 1:colcon.colcon_core.package_identification:_identify(vgc10_modbus_tcp) by extension 'colcon_meta'
[0.247s] Level 1:colcon.colcon_core.package_identification:_identify(vgc10_modbus_tcp) by extensions ['ros']
[0.247s] Level 1:colcon.colcon_core.package_identification:_identify(vgc10_modbus_tcp) by extension 'ros'
[0.247s] DEBUG:colcon.colcon_core.package_identification:Package 'vgc10_modbus_tcp' with type 'ros.ament_python' and name 'vgc10_modbus_tcp'
[0.247s] Level 1:colcon.colcon_core.package_identification:_identify(vgc10_msgs) by extensions ['ignore', 'ignore_ament_install']
[0.248s] Level 1:colcon.colcon_core.package_identification:_identify(vgc10_msgs) by extension 'ignore'
[0.248s] Level 1:colcon.colcon_core.package_identification:_identify(vgc10_msgs) by extension 'ignore_ament_install'
[0.248s] Level 1:colcon.colcon_core.package_identification:_identify(vgc10_msgs) by extensions ['colcon_pkg']
[0.248s] Level 1:colcon.colcon_core.package_identification:_identify(vgc10_msgs) by extension 'colcon_pkg'
[0.248s] Level 1:colcon.colcon_core.package_identification:_identify(vgc10_msgs) by extensions ['colcon_meta']
[0.248s] Level 1:colcon.colcon_core.package_identification:_identify(vgc10_msgs) by extension 'colcon_meta'
[0.248s] Level 1:colcon.colcon_core.package_identification:_identify(vgc10_msgs) by extensions ['ros']
[0.248s] Level 1:colcon.colcon_core.package_identification:_identify(vgc10_msgs) by extension 'ros'
[0.248s] DEBUG:colcon.colcon_core.package_identification:Package 'vgc10_msgs' with type 'ros.ament_cmake' and name 'vgc10_msgs'
[0.248s] Level 1:colcon.colcon_core.package_identification:_identify(yolo_ros) by extensions ['ignore', 'ignore_ament_install']
[0.248s] Level 1:colcon.colcon_core.package_identification:_identify(yolo_ros) by extension 'ignore'
[0.248s] Level 1:colcon.colcon_core.package_identification:_identify(yolo_ros) by extension 'ignore_ament_install'
[0.248s] Level 1:colcon.colcon_core.package_identification:_identify(yolo_ros) by extensions ['colcon_pkg']
[0.248s] Level 1:colcon.colcon_core.package_identification:_identify(yolo_ros) by extension 'colcon_pkg'
[0.248s] Level 1:colcon.colcon_core.package_identification:_identify(yolo_ros) by extensions ['colcon_meta']
[0.248s] Level 1:colcon.colcon_core.package_identification:_identify(yolo_ros) by extension 'colcon_meta'
[0.248s] Level 1:colcon.colcon_core.package_identification:_identify(yolo_ros) by extensions ['ros']
[0.248s] Level 1:colcon.colcon_core.package_identification:_identify(yolo_ros) by extension 'ros'
[0.248s] Level 1:colcon.colcon_core.package_identification:_identify(yolo_ros) by extensions ['cmake', 'python']
[0.248s] Level 1:colcon.colcon_core.package_identification:_identify(yolo_ros) by extension 'cmake'
[0.248s] Level 1:colcon.colcon_core.package_identification:_identify(yolo_ros) by extension 'python'
[0.248s] Level 1:colcon.colcon_core.package_identification:_identify(yolo_ros) by extensions ['python_setup_py']
[0.248s] Level 1:colcon.colcon_core.package_identification:_identify(yolo_ros) by extension 'python_setup_py'
[0.248s] Level 1:colcon.colcon_core.package_identification:_identify(yolo_ros/docs) by extensions ['ignore', 'ignore_ament_install']
[0.248s] Level 1:colcon.colcon_core.package_identification:_identify(yolo_ros/docs) by extension 'ignore'
[0.248s] Level 1:colcon.colcon_core.package_identification:_identify(yolo_ros/docs) by extension 'ignore_ament_install'
[0.248s] Level 1:colcon.colcon_core.package_identification:_identify(yolo_ros/docs) by extensions ['colcon_pkg']
[0.248s] Level 1:colcon.colcon_core.package_identification:_identify(yolo_ros/docs) by extension 'colcon_pkg'
[0.248s] Level 1:colcon.colcon_core.package_identification:_identify(yolo_ros/docs) by extensions ['colcon_meta']
[0.248s] Level 1:colcon.colcon_core.package_identification:_identify(yolo_ros/docs) by extension 'colcon_meta'
[0.248s] Level 1:colcon.colcon_core.package_identification:_identify(yolo_ros/docs) by extensions ['ros']
[0.248s] Level 1:colcon.colcon_core.package_identification:_identify(yolo_ros/docs) by extension 'ros'
[0.248s] Level 1:colcon.colcon_core.package_identification:_identify(yolo_ros/docs) by extensions ['cmake', 'python']
[0.248s] Level 1:colcon.colcon_core.package_identification:_identify(yolo_ros/docs) by extension 'cmake'
[0.248s] Level 1:colcon.colcon_core.package_identification:_identify(yolo_ros/docs) by extension 'python'
[0.249s] Level 1:colcon.colcon_core.package_identification:_identify(yolo_ros/docs) by extensions ['python_setup_py']
[0.249s] Level 1:colcon.colcon_core.package_identification:_identify(yolo_ros/docs) by extension 'python_setup_py'
[0.249s] Level 1:colcon.colcon_core.package_identification:_identify(yolo_ros/yolo_bringup) by extensions ['ignore', 'ignore_ament_install']
[0.249s] Level 1:colcon.colcon_core.package_identification:_identify(yolo_ros/yolo_bringup) by extension 'ignore'
[0.249s] Level 1:colcon.colcon_core.package_identification:_identify(yolo_ros/yolo_bringup) by extension 'ignore_ament_install'
[0.249s] Level 1:colcon.colcon_core.package_identification:_identify(yolo_ros/yolo_bringup) by extensions ['colcon_pkg']
[0.249s] Level 1:colcon.colcon_core.package_identification:_identify(yolo_ros/yolo_bringup) by extension 'colcon_pkg'
[0.249s] Level 1:colcon.colcon_core.package_identification:_identify(yolo_ros/yolo_bringup) by extensions ['colcon_meta']
[0.249s] Level 1:colcon.colcon_core.package_identification:_identify(yolo_ros/yolo_bringup) by extension 'colcon_meta'
[0.249s] Level 1:colcon.colcon_core.package_identification:_identify(yolo_ros/yolo_bringup) by extensions ['ros']
[0.249s] Level 1:colcon.colcon_core.package_identification:_identify(yolo_ros/yolo_bringup) by extension 'ros'
[0.249s] DEBUG:colcon.colcon_core.package_identification:Package 'yolo_ros/yolo_bringup' with type 'ros.ament_cmake' and name 'yolo_bringup'
[0.249s] Level 1:colcon.colcon_core.package_identification:_identify(yolo_ros/yolo_msgs) by extensions ['ignore', 'ignore_ament_install']
[0.249s] Level 1:colcon.colcon_core.package_identification:_identify(yolo_ros/yolo_msgs) by extension 'ignore'
[0.249s] Level 1:colcon.colcon_core.package_identification:_identify(yolo_ros/yolo_msgs) by extension 'ignore_ament_install'
[0.249s] Level 1:colcon.colcon_core.package_identification:_identify(yolo_ros/yolo_msgs) by extensions ['colcon_pkg']
[0.249s] Level 1:colcon.colcon_core.package_identification:_identify(yolo_ros/yolo_msgs) by extension 'colcon_pkg'
[0.249s] Level 1:colcon.colcon_core.package_identification:_identify(yolo_ros/yolo_msgs) by extensions ['colcon_meta']
[0.249s] Level 1:colcon.colcon_core.package_identification:_identify(yolo_ros/yolo_msgs) by extension 'colcon_meta'
[0.249s] Level 1:colcon.colcon_core.package_identification:_identify(yolo_ros/yolo_msgs) by extensions ['ros']
[0.249s] Level 1:colcon.colcon_core.package_identification:_identify(yolo_ros/yolo_msgs) by extension 'ros'
[0.250s] DEBUG:colcon.colcon_core.package_identification:Package 'yolo_ros/yolo_msgs' with type 'ros.ament_cmake' and name 'yolo_msgs'
[0.250s] Level 1:colcon.colcon_core.package_identification:_identify(yolo_ros/yolo_ros) by extensions ['ignore', 'ignore_ament_install']
[0.250s] Level 1:colcon.colcon_core.package_identification:_identify(yolo_ros/yolo_ros) by extension 'ignore'
[0.250s] Level 1:colcon.colcon_core.package_identification:_identify(yolo_ros/yolo_ros) by extension 'ignore_ament_install'
[0.250s] Level 1:colcon.colcon_core.package_identification:_identify(yolo_ros/yolo_ros) by extensions ['colcon_pkg']
[0.250s] Level 1:colcon.colcon_core.package_identification:_identify(yolo_ros/yolo_ros) by extension 'colcon_pkg'
[0.250s] Level 1:colcon.colcon_core.package_identification:_identify(yolo_ros/yolo_ros) by extensions ['colcon_meta']
[0.250s] Level 1:colcon.colcon_core.package_identification:_identify(yolo_ros/yolo_ros) by extension 'colcon_meta'
[0.250s] Level 1:colcon.colcon_core.package_identification:_identify(yolo_ros/yolo_ros) by extensions ['ros']
[0.250s] Level 1:colcon.colcon_core.package_identification:_identify(yolo_ros/yolo_ros) by extension 'ros'
[0.250s] DEBUG:colcon.colcon_core.package_identification:Package 'yolo_ros/yolo_ros' with type 'ros.ament_python' and name 'yolo_ros'
[0.250s] Level 1:colcon.colcon_core.package_discovery:discover_packages(recursive) using defaults
[0.250s] Level 1:colcon.colcon_core.package_discovery:discover_packages(ignore) discover
[0.250s] Level 1:colcon.colcon_core.package_discovery:discover_packages(ignore) using defaults
[0.250s] Level 1:colcon.colcon_core.package_discovery:discover_packages(path) discover
[0.251s] Level 1:colcon.colcon_core.package_discovery:discover_packages(path) using defaults
[0.274s] INFO:colcon.colcon_core.package_selection:Skipping not selected package 'agv_msgs' in 'sir_robot_ros_interface/agv_msgs'
[0.274s] INFO:colcon.colcon_core.package_selection:Skipping not selected package 'agv_nodes' in 'agv_nodes'
[0.274s] INFO:colcon.colcon_core.package_selection:Skipping not selected package 'conveyorbelt_msgs' in 'IFRA_ConveyorBelt/conveyorbelt_msgs'
[0.274s] INFO:colcon.colcon_core.package_selection:Skipping not selected package 'festo_edcon_ros2' in 'festo_edcon_ros2'
[0.274s] INFO:colcon.colcon_core.package_selection:Skipping not selected package 'gz_ros2_control' in 'gz_ros2_control/gz_ros2_control'
[0.274s] INFO:colcon.colcon_core.package_selection:Skipping not selected package 'onrobot_2fg7_description' in 'onrobot_2fg7_description'
[0.275s] INFO:colcon.colcon_core.package_selection:Skipping not selected package 'onrobot_api' in 'onrobot_api'
[0.275s] INFO:colcon.colcon_core.package_selection:Skipping not selected package 'pcd2octomap_builder' in 'pcd2octomap_builder'
[0.275s] INFO:colcon.colcon_core.package_selection:Skipping not selected package 'pointcloud_transformer' in 'pointcloud_transformer'
[0.275s] INFO:colcon.colcon_core.package_selection:Skipping not selected package 'pymoveit2_kawasaki_real' in 'pymoveit2_kawasaki_real'
[0.275s] INFO:colcon.colcon_core.package_selection:Skipping not selected package 'pymoveit2_kawasaki_sim' in 'pymoveit2_kawasaki_sim'
[0.275s] INFO:colcon.colcon_core.package_selection:Skipping not selected package 'pymoveit2_real' in 'pymoveit2_real'
[0.275s] INFO:colcon.colcon_core.package_selection:Skipping not selected package 'pymoveit2_sim' in 'pymoveit2_sim'
[0.275s] INFO:colcon.colcon_core.package_selection:Skipping not selected package 'ros2_kafka_bridge' in 'ros2_kafka_bridge'
[0.275s] INFO:colcon.colcon_core.package_selection:Skipping not selected package 'ros_gz_interfaces' in 'ros_gz/ros_gz_interfaces'
[0.275s] INFO:colcon.colcon_core.package_selection:Skipping not selected package 'ros_gz_sim' in 'ros_gz/ros_gz_sim'
[0.275s] INFO:colcon.colcon_core.package_selection:Skipping not selected package 'rs005l_controller' in 'rs005l_controller'
[0.275s] INFO:colcon.colcon_core.package_selection:Skipping not selected package 'sick_visionary_ros' in 'sick_visionary_ros'
[0.275s] INFO:colcon.colcon_core.package_selection:Skipping not selected package 'ur_dashboard_msgs' in 'Universal_Robots_ROS2_Driver/ur_dashboard_msgs'
[0.275s] INFO:colcon.colcon_core.package_selection:Skipping not selected package 'ur_description' in 'Universal_Robots_ROS2_Description'
[0.275s] INFO:colcon.colcon_core.package_selection:Skipping not selected package 'vgc10_control' in 'vgc10_control'
[0.275s] INFO:colcon.colcon_core.package_selection:Skipping not selected package 'vgc10_description' in 'vgc10_description'
[0.275s] INFO:colcon.colcon_core.package_selection:Skipping not selected package 'vgc10_modbus_tcp' in 'vgc10_modbus_tcp'
[0.275s] INFO:colcon.colcon_core.package_selection:Skipping not selected package 'vgc10_msgs' in 'vgc10_msgs'
[0.275s] INFO:colcon.colcon_core.package_selection:Skipping not selected package 'yolo_msgs' in 'yolo_ros/yolo_msgs'
[0.275s] INFO:colcon.colcon_core.package_selection:Skipping not selected package 'ign_ros2_control' in 'gz_ros2_control/ign_ros2_control'
[0.275s] INFO:colcon.colcon_core.package_selection:Skipping not selected package 'onrobot_robot_driver' in 'onrobot_robot_driver'
[0.275s] INFO:colcon.colcon_core.package_selection:Skipping not selected package 'ros2_conveyorbelt' in 'IFRA_ConveyorBelt/ros2_conveyorbelt'
[0.275s] INFO:colcon.colcon_core.package_selection:Skipping not selected package 'ros_gz_bridge' in 'ros_gz/ros_gz_bridge'
[0.275s] INFO:colcon.colcon_core.package_selection:Skipping not selected package 'ros_ign_gazebo' in 'ros_gz/ros_ign_gazebo'
[0.275s] INFO:colcon.colcon_core.package_selection:Skipping not selected package 'ros_ign_interfaces' in 'ros_gz/ros_ign_interfaces'
[0.275s] INFO:colcon.colcon_core.package_selection:Skipping not selected package 'rs005l_description' in 'rs005l_description'
[0.275s] INFO:colcon.colcon_core.package_selection:Skipping not selected package 'sir_robot_ros_interface' in 'sir_robot_ros_interface/sir_robot_ros_interface'
[0.275s] INFO:colcon.colcon_core.package_selection:Skipping not selected package 'ur_controllers' in 'Universal_Robots_ROS2_Driver/ur_controllers'
[0.275s] INFO:colcon.colcon_core.package_selection:Skipping not selected package 'ur_moveit_config' in 'Universal_Robots_ROS2_Driver/ur_moveit_config'
[0.275s] INFO:colcon.colcon_core.package_selection:Skipping not selected package 'yolo_ros' in 'yolo_ros/yolo_ros'
[0.275s] INFO:colcon.colcon_core.package_selection:Skipping not selected package 'conveyorbelt_gz' in 'IFRA_ConveyorBelt/conveyorbelt_gz'
[0.275s] INFO:colcon.colcon_core.package_selection:Skipping not selected package 'gz_ros2_control_demos' in 'gz_ros2_control/gz_ros2_control_demos'
[0.275s] INFO:colcon.colcon_core.package_selection:Skipping not selected package 'kawasaki_ros2_control' in 'kawasaki_ros2_control'
[0.275s] INFO:colcon.colcon_core.package_selection:Skipping not selected package 'mobile_manipulator_description' in 'mobile_manipulator_description'
[0.275s] INFO:colcon.colcon_core.package_selection:Skipping not selected package 'ros_gz_image' in 'ros_gz/ros_gz_image'
[0.275s] INFO:colcon.colcon_core.package_selection:Skipping not selected package 'ros_ign_bridge' in 'ros_gz/ros_ign_bridge'
[0.275s] INFO:colcon.colcon_core.package_selection:Skipping not selected package 'rs005l_gazebo' in 'rs005l_gazebo'
[0.275s] INFO:colcon.colcon_core.package_selection:Skipping not selected package 'test_ros_gz_bridge' in 'ros_gz/test_ros_gz_bridge'
[0.275s] INFO:colcon.colcon_core.package_selection:Skipping not selected package 'ur_bringup' in 'Universal_Robots_ROS2_Driver/ur_bringup'
[0.275s] INFO:colcon.colcon_core.package_selection:Skipping not selected package 'ur_robot_driver' in 'Universal_Robots_ROS2_Driver/ur_robot_driver'
[0.275s] INFO:colcon.colcon_core.package_selection:Skipping not selected package 'ur_simulation_gz' in 'Universal_Robots_ROS2_GZ_Simulation/ur_simulation_gz'
[0.275s] INFO:colcon.colcon_core.package_selection:Skipping not selected package 'yolo_bringup' in 'yolo_ros/yolo_bringup'
[0.275s] INFO:colcon.colcon_core.package_selection:Skipping not selected package 'ign_ros2_control_demos' in 'gz_ros2_control/ign_ros2_control_demos'
[0.275s] INFO:colcon.colcon_core.package_selection:Skipping not selected package 'my_robot_cell_description' in 'Universal_Robots_ROS2_Tutorials/my_robot_cell/my_robot_cell_description'
[0.275s] INFO:colcon.colcon_core.package_selection:Skipping not selected package 'ros_gz_sim_demos' in 'ros_gz/ros_gz_sim_demos'
[0.275s] INFO:colcon.colcon_core.package_selection:Skipping not selected package 'ros_ign_image' in 'ros_gz/ros_ign_image'
[0.275s] INFO:colcon.colcon_core.package_selection:Skipping not selected package 'ur_calibration' in 'Universal_Robots_ROS2_Driver/ur_calibration'
[0.275s] INFO:colcon.colcon_core.package_selection:Skipping not selected package 'agv_description' in 'agv_description'
[0.275s] INFO:colcon.colcon_core.package_selection:Skipping not selected package 'gz_ros2_control_tests' in 'gz_ros2_control/gz_ros2_control_tests'
[0.275s] INFO:colcon.colcon_core.package_selection:Skipping not selected package 'my_robot_cell_moveit_config' in 'Universal_Robots_ROS2_Tutorials/my_robot_cell/my_robot_cell_moveit_config'
[0.275s] INFO:colcon.colcon_core.package_selection:Skipping not selected package 'ros_gz' in 'ros_gz/ros_gz'
[0.275s] INFO:colcon.colcon_core.package_selection:Skipping not selected package 'ros_ign_gazebo_demos' in 'ros_gz/ros_ign_gazebo_demos'
[0.275s] INFO:colcon.colcon_core.package_selection:Skipping not selected package 'ur' in 'Universal_Robots_ROS2_Driver/ur'
[0.275s] INFO:colcon.colcon_core.package_selection:Skipping not selected package 'my_robot_cell_gz' in 'Universal_Robots_ROS2_Tutorials/my_robot_cell/my_robot_cell_gz'
[0.275s] INFO:colcon.colcon_core.package_selection:Skipping not selected package 'real_ifarlab_gripper_moveit_config' in 'real_ifarlab_gripper_moveit_config'
[0.275s] INFO:colcon.colcon_core.package_selection:Skipping not selected package 'real_ifarlab_moveit_config' in 'real_ifarlab_moveit_config'
[0.275s] INFO:colcon.colcon_core.package_selection:Skipping not selected package 'real_ifarlab_vacuum_moveit_config' in 'real_ifarlab_vacuum_moveit_config'
[0.275s] INFO:colcon.colcon_core.package_selection:Skipping not selected package 'ros_ign' in 'ros_gz/ros_ign'
[0.275s] Level 1:colcon.colcon_core.package_discovery:discover_packages(prefix_path) check parameters
[0.275s] Level 1:colcon.colcon_core.package_discovery:discover_packages(prefix_path) discover
[0.277s] DEBUG:colcon.colcon_installed_package_information.package_discovery:Found 397 installed packages in /opt/ros/humble
[0.278s] Level 1:colcon.colcon_core.package_discovery:discover_packages(prefix_path) using defaults
[0.303s] Level 5:colcon.colcon_core.verb:set package 'my_robot_cell_control' build argument 'cmake_args' from command line to '['-DCMAKE_BUILD_TYPE=Release']'
[0.303s] Level 5:colcon.colcon_core.verb:set package 'my_robot_cell_control' build argument 'cmake_target' from command line to 'None'
[0.303s] Level 5:colcon.colcon_core.verb:set package 'my_robot_cell_control' build argument 'cmake_target_skip_unavailable' from command line to 'False'
[0.303s] Level 5:colcon.colcon_core.verb:set package 'my_robot_cell_control' build argument 'cmake_clean_cache' from command line to 'False'
[0.303s] Level 5:colcon.colcon_core.verb:set package 'my_robot_cell_control' build argument 'cmake_clean_first' from command line to 'False'
[0.303s] Level 5:colcon.colcon_core.verb:set package 'my_robot_cell_control' build argument 'cmake_force_configure' from command line to 'False'
[0.303s] Level 5:colcon.colcon_core.verb:set package 'my_robot_cell_control' build argument 'ament_cmake_args' from command line to 'None'
[0.303s] Level 5:colcon.colcon_core.verb:set package 'my_robot_cell_control' build argument 'catkin_cmake_args' from command line to 'None'
[0.303s] Level 5:colcon.colcon_core.verb:set package 'my_robot_cell_control' build argument 'catkin_skip_building_tests' from command line to 'False'
[0.303s] DEBUG:colcon.colcon_core.verb:Building package 'my_robot_cell_control' with the following arguments: {'ament_cmake_args': None, 'build_base': '/home/cem/colcon_ws/src/build/my_robot_cell_control', 'catkin_cmake_args': None, 'catkin_skip_building_tests': False, 'cmake_args': ['-DCMAKE_BUILD_TYPE=Release'], 'cmake_clean_cache': False, 'cmake_clean_first': False, 'cmake_force_configure': False, 'cmake_target': None, 'cmake_target_skip_unavailable': False, 'install_base': '/home/cem/colcon_ws/src/install/my_robot_cell_control', 'merge_install': False, 'path': '/home/cem/colcon_ws/src/Universal_Robots_ROS2_Tutorials/my_robot_cell/my_robot_cell_control', 'symlink_install': False, 'test_result_base': None}
[0.303s] INFO:colcon.colcon_core.executor:Executing jobs using 'parallel' executor
[0.304s] DEBUG:colcon.colcon_parallel_executor.executor.parallel:run_until_complete
[0.304s] INFO:colcon.colcon_ros.task.ament_cmake.build:Building ROS package in '/home/cem/colcon_ws/src/Universal_Robots_ROS2_Tutorials/my_robot_cell/my_robot_cell_control' with build type 'ament_cmake'
[0.304s] INFO:colcon.colcon_cmake.task.cmake.build:Building CMake package in '/home/cem/colcon_ws/src/Universal_Robots_ROS2_Tutorials/my_robot_cell/my_robot_cell_control'
[0.306s] INFO:colcon.colcon_core.plugin_system:Skipping extension 'colcon_core.shell.bat': Not used on non-Windows systems
[0.306s] INFO:colcon.colcon_core.shell:Skip shell extension 'powershell' for command environment: Not usable outside of PowerShell
[0.306s] DEBUG:colcon.colcon_core.shell:Skip shell extension 'dsv' for command environment
[0.307s] WARNING:colcon.colcon_core.shell:The following packages are in the workspace but haven't been built:
- ur_dashboard_msgs
- ur_description
- ur_controllers
- ur_robot_driver
They are being used from the following locations instead:
- /opt/ros/humble
- /opt/ros/humble
- /opt/ros/humble
- /opt/ros/humble
To suppress this warning ignore these packages in the workspace:
--packages-ignore ur_dashboard_msgs ur_description ur_controllers ur_robot_driver
[0.307s] ERROR:colcon.colcon_cmake.task.cmake.build:Failed to find the following files:
- /home/cem/colcon_ws/src/install/my_robot_cell_description/share/my_robot_cell_description/package.sh
Check that the following packages have been built:
- my_robot_cell_description
[0.307s] Level 1:colcon.colcon_core.environment:create_environment_scripts_only(my_robot_cell_control)
[0.308s] Level 1:colcon.colcon_core.environment:checking '/home/cem/colcon_ws/src/install/my_robot_cell_control' for CMake module files
[0.309s] Level 1:colcon.colcon_core.environment:checking '/home/cem/colcon_ws/src/install/my_robot_cell_control' for CMake config files
[0.309s] Level 1:colcon.colcon_core.environment:checking '/home/cem/colcon_ws/src/install/my_robot_cell_control/bin'
[0.309s] Level 1:colcon.colcon_core.environment:checking '/home/cem/colcon_ws/src/install/my_robot_cell_control/lib/pkgconfig/my_robot_cell_control.pc'
[0.309s] Level 1:colcon.colcon_core.environment:checking '/home/cem/colcon_ws/src/install/my_robot_cell_control/lib/python3.10/site-packages'
[0.309s] Level 1:colcon.colcon_core.environment:checking '/home/cem/colcon_ws/src/install/my_robot_cell_control/bin'
[0.309s] INFO:colcon.colcon_core.shell:Creating package script '/home/cem/colcon_ws/src/install/my_robot_cell_control/share/my_robot_cell_control/package.ps1'
[0.310s] INFO:colcon.colcon_core.shell:Creating package descriptor '/home/cem/colcon_ws/src/install/my_robot_cell_control/share/my_robot_cell_control/package.dsv'
[0.310s] INFO:colcon.colcon_core.shell:Creating package script '/home/cem/colcon_ws/src/install/my_robot_cell_control/share/my_robot_cell_control/package.sh'
[0.310s] INFO:colcon.colcon_core.shell:Creating package script '/home/cem/colcon_ws/src/install/my_robot_cell_control/share/my_robot_cell_control/package.bash'
[0.311s] INFO:colcon.colcon_core.shell:Creating package script '/home/cem/colcon_ws/src/install/my_robot_cell_control/share/my_robot_cell_control/package.zsh'
[0.311s] Level 1:colcon.colcon_core.environment:create_file_with_runtime_dependencies(/home/cem/colcon_ws/src/install/my_robot_cell_control/share/colcon-core/packages/my_robot_cell_control)
[0.321s] DEBUG:colcon.colcon_parallel_executor.executor.parallel:closing loop
[0.321s] DEBUG:colcon.colcon_parallel_executor.executor.parallel:loop closed
[0.321s] DEBUG:colcon.colcon_parallel_executor.executor.parallel:run_until_complete finished with '1'
[0.321s] DEBUG:colcon.colcon_core.event_reactor:joining thread
[0.324s] INFO:colcon.colcon_core.plugin_system:Skipping extension 'colcon_notification.desktop_notification.terminal_notifier': Not used on non-Darwin systems
[0.324s] INFO:colcon.colcon_core.plugin_system:Skipping extension 'colcon_notification.desktop_notification.win32': Not used on non-Windows systems
[0.325s] INFO:colcon.colcon_notification.desktop_notification:Sending desktop notification using 'notify2'
[0.335s] DEBUG:colcon.colcon_core.event_reactor:joined thread
[0.336s] INFO:colcon.colcon_core.shell:Creating prefix script '/home/cem/colcon_ws/src/install/local_setup.ps1'
[0.336s] INFO:colcon.colcon_core.shell:Creating prefix util module '/home/cem/colcon_ws/src/install/_local_setup_util_ps1.py'
[0.337s] INFO:colcon.colcon_core.shell:Creating prefix chain script '/home/cem/colcon_ws/src/install/setup.ps1'
[0.338s] INFO:colcon.colcon_core.shell:Creating prefix script '/home/cem/colcon_ws/src/install/local_setup.sh'
[0.338s] INFO:colcon.colcon_core.shell:Creating prefix util module '/home/cem/colcon_ws/src/install/_local_setup_util_sh.py'
[0.339s] INFO:colcon.colcon_core.shell:Creating prefix chain script '/home/cem/colcon_ws/src/install/setup.sh'
[0.339s] INFO:colcon.colcon_core.shell:Creating prefix script '/home/cem/colcon_ws/src/install/local_setup.bash'
[0.339s] INFO:colcon.colcon_core.shell:Creating prefix chain script '/home/cem/colcon_ws/src/install/setup.bash'
[0.340s] INFO:colcon.colcon_core.shell:Creating prefix script '/home/cem/colcon_ws/src/install/local_setup.zsh'
[0.340s] INFO:colcon.colcon_core.shell:Creating prefix chain script '/home/cem/colcon_ws/src/install/setup.zsh'
